,Aperc_c1_16,Aperc_c1_4,Aperc_c1_6,Aperc_c1_12,Aperc_c2_7,Aperc_c2_44,Aperc_c2_15,Aperc_c2_28,Aperc_c2_4,Aperc_c3_7,Aperc_c3_17,Aperc_c3_34,Aperc_c3_39,Aperc_c4_30,Aperc_c4_24,Aperc_c4_11,Aperc_c4_27,Aperc_c4_10,Aperc_c5_34,Aperc_c5_2,Aperc_c5_15,Aperc_c5_32,Aperc_c6_29,Aperc_c6_1,Aperc_c6_10,Aperc_c6_25,Aperc_c7_34,Aperc_c7_36,Aperc_c7_26,Aperc_c7_3,Aperc_c11_44,Aperc_c11_41,Aperc_c11_38,Aperc_c11_35,Aperc_c11_26,Aperc_c12_23,Aperc_c12_12,Aperc_c12_30,Aperc_c12_17,Aperc_c13_18,Aperc_c13_10,Aperc_c13_37,Aperc_c13_16,Aperc_c14_34,Aperc_c14_35,Aperc_c14_12,Aperc_c14_15,Aperc_c15_17,Aperc_c15_31,Aperc_c15_8,Aperc_c15_15,Aperc_c16_8,Aperc_c16_11,Aperc_c16_44,Aperc_c16_25,Aperc_c17_16,Aperc_c17_35,Aperc_c17_28,Aperc_c17_8,Aperc_c17_39
12PA__1,3|1,2|1,1|6,4|4,1|4,3|10,1|1,1|1,2|1,2|1,2|2,1|1,1|1,1|2,3|3,2|4,1|3,1|2,2|3,1|1,1|3,1|5,3|1,1|1,6|6,3|1,1|2,10|10,2|2,1|1,1|9,1|2,3|1,1|1,12|13,1|1,.|.,1|2,2|1,3|3,1|1,1|1,1|1,1|1,1|3,1|1,1|4,1|1,4|1,1|1,1|1,1|2,1|1,1|1,1|1,.|.,1|2,3|1,2|2,2|4
12PB__2,1|4,3|1,1|1,5|2,3|5,6|4,2|1,1|1,2|4,1|1,7|4,4|1,1|3,6|4,2|13,2|3,2|2,1|1,1|5,1|1,2|2,5|5,.|.,2|2,1|1,2|1,1|2,6|7,1|1,3|1,1|5,4|4,5|6,1|1,1|1,1|1,1|1,1|1,1|1,2|1,1|2,2|1,1|2,1|4,1|4,7|7,6|1,1|2,9|2,4|4,1|5,5|1,1|2,2|3,1|2,.|.,1|3,8|2,1|1,2|5
12S__3,2|5,4|1,2|3,1|1,3|1,7|7,2|6,2|4,3|1,2|1,3|6,1|2,1|2,8|7,2|2,2|1,1|4,1|3,2|1,1|3,2|3,3|3,2|2,1|4,2|2,2|1,1|2,1|17,1|1,6|2,1|1,3|3,2|1,1|3,1|1,1|3,1|1,1|2,4|3,2|1,1|2,2|3,1|1,5|1,2|2,3|2,1|5,1|2,2|7,2|2,3|4,1|3,1|3,2|1,1|2,.|.,2|4,5|1,1|1,1|1
16P1__4,2|5,4|1,2|3,1|1,2|1,1|2,2|3,3|4,3|1,2|1,1|1,1|5,1|2,1|3,1|1,1|1,1|1,1|3,2|1,1|3,2|3,1|1,2|2,6|4,2|2,2|1,1|2,5|5,1|1,2|6,2|2,1|1,1|2,1|3,1|2,1|3,1|1,1|2,4|3,2|1,3|4,2|2,1|1,5|6,1|2,3|2,1|5,1|2,2|7,2|2,3|4,1|6,1|2,1|2,1|2,.|.,1|3,1|2,1|1,1|1
16P2__5,3|6,2|1,1|1,1|3,1|4,3|10,1|1,1|1,2|1,1|1,2|1,1|1,1|2,2|4,5|6,1|1,1|3,1|2,2|1,2|1,5|1,2|2,1|1,1|3,4|3,1|4,3|4,1|2,1|1,1|1,2|1,1|2,3|1,1|1,2|2,1|2,1|1,1|2,2|1,3|3,1|1,1|1,3|1,2|3,1|3,1|1,1|4,1|2,4|6,1|1,1|2,1|4,1|4,4|5,1|2,.|.,1|2,3|1,1|2,2|5
16S__6,1|4,3|1,1|4,2|6,1|5,2|4,1|1,2|2,1|1,2|1,1|1,3|1,1|3,6|2,2|2,2|3,1|2,1|1,1|5,1|1,2|2,.|.,1|1,2|2,2|2,1|1,1|1,6|7,1|1,3|2,17|45,4|4,6|8,1|1,1|1,1|1,1|1,1|1,1|1,2|1,1|2,2|1,1|2,2|4,1|1,4|4,2|1,1|2,9|2,4|4,1|5,5|1,1|2,2|3,1|2,.|.,1|2,7|6,3|1,2|5
17PA__7,3|6,2|1,1|5,3|3,1|4,3|10,1|1,1|1,2|1,3|1,5|1,1|2,1|2,2|4,5|9,1|1,2|3,1|1,2|3,1|1,1|3,3|3,1|1,1|1,7|5,3|4,3|4,1|2,2|2,3|1,1|4,1|1,3|1,1|1,1|2,1|1,.|.,1|1,2|1,4|3,1|1,1|1,1|1,2|3,1|3,1|1,1|4,1|2,4|6,1|1,1|2,1|4,1|4,1|5,1|2,.|.,1|2,1|4,2|2,2|4
17PB__8,1|4,3|1,1|4,5|2,1|5,2|4,1|1,2|1,1|1,2|1,1|1,3|4,1|3,3|4,13|13,2|3,2|2,1|1,1|4,1|1,4|4,5|5,1|1,2|2,2|2,1|1,1|3,6|7,1|1,1|2,1|1,1|1,7|8,2|2,1|1,1|1,1|1,1|3,2|1,4|5,1|1,2|2,1|2,2|4,1|4,7|7,6|1,1|1,2|5,3|1,1|2,5|1,1|2,3|2,1|2,.|.,1|1,2|6,1|1,2|3
17S__9,2|7,4|3,2|3,7|7,3|1,7|5,2|6,2|1,2|1,2|1,3|4,1|2,1|4,1|3,1|1,1|1,1|1,1|2,2|1,1|2,4|4,3|3,2|2,1|5,1|1,2|1,1|2,5|1,2|4,5|1,1|1,3|3,2|1,1|2,2|2,1|1,1|1,1|2,3|1,2|1,1|2,2|3,1|1,7|6,2|3,1|2,2|1,1|2,2|8,3|3,3|4,1|6,1|3,6|1,1|2,.|.,3|4,5|1,1|1,1|1
19P1__10,2|5,4|4,2|3,7|7,3|1,7|5,2|3,3|4,3|1,2|1,3|6,2|1,1|4,1|7,1|1,1|1,1|1,1|2,2|1,1|3,2|2,3|3,2|2,1|4,1|1,2|1,1|2,8|3,2|1,5|1,2|2,1|1,2|1,1|3,1|1,1|1,1|1,4|2,3|1,1|2,1|4,2|2,1|1,5|1,1|3,5|1,2|1,1|2,2|8,3|3,3|5,3|1,1|3,1|2,1|2,.|.,1|2,5|2,1|1,1|1
19P2__11,1|4,3|1,1|4,5|2,3|1,6|9,2|1,1|1,2|4,2|1,1|7,3|4,1|3,6|2,2|2,2|3,1|2,1|2,1|4,1|1,2|6,3|1,1|5,2|7,1|1,2|1,1|3,1|2,1|1,1|1,3|55,4|4,6|8,1|2,1|2,1|1,1|1,1|1,1|1,5|4,1|1,1|4,2|2,2|1,1|1,4|4,2|1,1|1,2|1,6|4,1|2,1|1,1|1,2|3,1|1,.|.,1|1,2|6,4|5,2|5
19S__12,3|1,2|1,1|6,4|8,1|4,8|3,4|4,1|1,2|1,2|1,2|2,1|1,1|2,4|5,6|1,2|1,1|3,1|2,2|3,1|1,1|3,.|.,1|1,1|1,7|7,3|1,4|2,1|3,2|5,3|2,1|1,1|1,4|1,1|1,1|1,1|2,1|1,1|2,2|1,4|3,1|1,1|1,3|4,2|3,1|1,9|9,1|1,1|2,6|4,1|1,1|2,1|4,1|4,1|5,1|2,.|.,1|2,3|4,1|1,1|1
22PA__13,8|1,5|1,4|4,5|2,1|5,4|2,1|1,2|1,2|4,1|1,4|4,1|1,1|3,6|4,2|13,2|3,2|1,1|1,1|5,1|1,2|2,2|2,2|1,2|2,2|2,1|1,1|2,6|7,1|1,3|2,1|1,1|1,7|5,1|2,1|1,1|4,1|1,1|3,2|2,2|4,1|1,1|4,2|2,2|1,1|1,4|4,2|1,1|1,2|1,8|1,1|5,5|1,1|2,2|3,1|2,.|.,1|3,8|2,1|1,1|1
22PB__14,2|5,4|1,2|3,1|1,3|1,1|2,2|3,3|1,2|1,2|1,3|6,1|2,1|2,1|3,1|4,2|1,1|4,1|3,2|1,1|3,2|3,3|3,2|2,1|4,1|1,2|1,1|2,8|1,2|1,1|2,1|1,3|3,2|3,1|2,2|2,1|1,1|1,1|2,4|3,1|2,2|3,2|2,1|1,7|6,2|2,3|2,1|5,1|2,2|8,3|3,3|5,1|6,1|3,1|2,1|2,.|.,2|4,5|1,1|1,1|1
22S__15,3|6,2|1,1|5,1|1,2|1,1|1,4|1,1|1,2|1,3|2,5|5,2|1,1|1,1|5,3|3,2|4,1|3,1|2,2|1,1|2,1|3,3|1,1|1,1|3,3|5,1|1,2|4,1|2,2|2,3|1,67|68,1|2,3|1,1|4,2|2,1|1,.|.,1|1,2|1,1|3,1|1,1|1,3|6,2|1,1|1,.|.,1|1,1|2,4|6,11|11,1|1,1|2,1|1,1|1,1|1,.|.,1|2,1|4,1|1,1|1
24PA__16,3|1,2|1,1|1,3|3,2|1,1|1,4|4,1|1,2|1,2|1,2|1,2|1,1|2,1|5,3|3,4|1,2|1,1|1,2|1,2|1,5|1,2|1,2|1,1|3,4|3,1|4,3|4,1|4,2|2,3|2,1|1,1|1,1|4,1|4,1|2,1|1,1|1,1|1,2|1,1|3,1|5,1|1,3|4,1|3,1|1,6|6,1|4,1|1,4|1,2|12,1|1,1|2,1|1,1|4,1|1,.|.,1|2,3|3,1|2,1|1
24PB__17,1|4,3|1,1|4,2|6,1|5,2|4,5|1,2|2,2|1,2|1,1|1,4|3,1|3,3|2,3|1,2|3,1|1,1|2,1|4,1|1,2|6,5|5,3|1,2|7,1|1,2|1,1|2,7|6,1|1,3|2,1|1,4|4,5|6,1|1,1|3,1|1,1|1,1|3,2|1,2|4,1|2,2|2,1|2,1|4,1|4,4|4,2|1,1|2,9|5,4|4,1|5,1|5,1|2,2|3,1|1,.|.,1|1,2|6,1|1,2|5
24S__18,2|7,4|4,2|3,1|1,3|1,1|2,2|3,2|1,2|1,2|1,1|4,1|5,1|2,1|7,1|1,1|1,1|1,1|2,2|1,1|2,4|4,3|3,3|3,1|4,2|2,2|1,1|2,5|5,2|1,2|6,2|2,1|1,1|2,1|2,2|2,1|1,1|1,1|2,4|3,2|1,1|2,2|3,1|1,5|1,1|2,3|5,1|5,1|2,2|8,3|3,3|4,1|6,1|2,1|2,1|2,.|.,1|3,1|2,1|1,1|1
25P1__19,2|5,2|1,2|3,1|1,2|1,1|5,2|3,3|1,2|1,2|1,1|1,1|5,1|2,8|3,2|4,2|1,1|4,1|3,2|1,1|3,2|3,1|1,2|2,6|4,2|2,2|1,1|2,8|1,2|1,1|2,2|2,1|1,3|2,1|2,1|2,1|1,1|1,4|2,3|1,2|1,1|2,2|3,1|1,7|6,1|2,3|5,1|5,1|2,2|7,2|2,3|4,1|3,1|3,6|1,1|2,.|.,1|2,1|2,1|1,1|1
25P2__20,2|1,5|1,2|2,1|3,1|4,8|3,1|1,1|1,2|1,1|1,2|1,1|1,1|1,1|2,3|2,2|1,1|3,1|2,2|3,1|1,1|3,1|1,1|1,1|3,4|3,1|4,3|4,1|2,1|1,3|1,1|1,1|2,4|1,1|4,2|2,1|1,.|.,1|1,2|1,1|3,1|5,1|5,1|1,1|1,1|1,6|6,1|1,1|1,4|1,.|.,1|2,1|4,1|4,1|5,1|2,.|.,1|2,1|4,.|.,2|3
25S__21,3|1,2|2,1|1,3|3,1|4,8|3,1|1,1|1,2|1,2|1,2|2,1|1,1|2,2|4,3|3,2|1,1|3,1|2,2|3,1|1,5|1,2|2,7|2,1|3,4|3,3|4,3|4,1|2,1|1,1|1,1|1,1|2,4|1,1|4,1|2,1|1,.|.,1|1,2|1,4|3,1|1,1|1,1|1,1|3,1|1,6|6,1|1,1|2,4|6,1|1,1|2,1|2,1|1,1|4,1|1,.|.,1|2,3|4,1|1,1|1
27P1__22,2|5,4|3,2|1,1|1,2|1,1|2,2|3,3|4,3|1,2|1,3|3,1|2,1|4,1|7,1|4,1|1,1|1,1|2,2|1,1|2,4|4,3|3,2|2,1|5,2|2,2|1,1|2,5|1,2|4,5|1,1|1,1|1,1|2,1|3,1|1,1|3,1|1,1|2,3|1,2|1,3|2,2|2,1|1,5|6,1|1,5|1,2|1,1|2,2|7,2|2,3|4,1|3,1|3,1|2,1|2,.|.,1|2,5|2,1|1,1|1
27P2__23,1|4,3|1,1|4,2|6,1|1,9|2,1|1,2|1,1|4,2|1,1|1,3|1,1|3,3|2,41|20,2|3,2|2,1|1,1|5,1|1,4|4,5|5,1|1,2|7,2|2,1|1,1|2,1|2,1|1,3|2,1|1,1|1,7|5,1|1,3|2,1|4,1|1,1|1,2|1,1|5,1|2,2|1,1|2,1|4,1|1,4|4,2|1,1|1,2|5,5|2,1|2,1|3,1|2,2|3,1|2,.|.,1|2,7|6,1|1,1|1
27S__24,3|1,2|2,1|5,4|8,2|1,1|1,4|4,1|1,2|1,3|2,5|5,2|1,1|1,4|5,17|5,4|1,2|1,1|1,2|1,1|2,5|1,2|2,.|.,1|3,4|3,3|4,1|2,1|2,1|1,1|1,78|79,1|1,3|1,1|1,1|1,1|2,1|1,1|1,2|1,3|3,1|1,1|1,5|3,1|3,1|1,1|1,1|4,1|1,4|1,2|2,1|1,1|4,1|4,1|4,1|1,.|.,1|2,3|4,1|1,1|1
28P1__25,2|5,2|3,2|1,1|1,2|1,1|2,2|6,3|4,3|1,2|1,3|3,2|1,1|4,1|3,1|4,2|1,1|4,1|3,2|1,1|3,2|2,1|1,3|3,1|4,1|1,2|1,1|2,5|5,2|4,5|6,1|1,3|3,2|1,1|2,1|2,1|1,1|1,1|2,4|3,1|2,3|4,2|2,1|1,7|1,2|2,1|2,2|1,1|2,2|8,2|2,3|4,1|6,1|2,6|1,1|2,.|.,2|4,1|5,1|1,1|1
28P2__26,1|4,3|3,1|4,2|6,3|5,6|4,5|1,2|2,1|1,2|1,1|1,3|1,1|3,3|2,61|3,2|3,2|2,1|1,1|5,1|1,2|6,1|2,1|1,2|2,2|2,1|1,1|2,1|26,1|1,1|1,1|1,4|4,6|8,1|2,46|47,1|1,.|.,1|3,2|1,2|4,1|2,2|2,1|2,1|1,1|4,7|7,6|1,1|1,2|1,1|1,1|5,1|1,1|1,2|3,1|1,.|.,1|2,7|6,1|1,2|4
28S__27,3|1,2|1,6|1,4|9,2|1,1|1,4|1,1|1,2|1,3|1,5|1,2|1,1|1,1|5,3|3,1|1,1|2,1|1,2|3,1|2,1|3,2|2,.|.,1|3,6|6,1|1,1|3,10|1,1|5,2|1,1|1,1|2,4|1,1|4,4|53,1|2,1|1,1|2,2|1,3|3,1|1,1|1,1|1,2|1,1|3,1|1,1|4,1|2,4|6,1|1,1|2,1|2,1|1,1|4,1|1,.|.,1|2,3|4,1|1,1|1
29P1__28,2|7,4|3,2|1,1|1,2|1,1|2,2|3,3|1,2|1,2|1,1|1,5|1,1|2,8|7,2|2,2|1,1|4,1|3,2|1,1|2,4|4,3|3,2|2,1|5,1|1,2|1,1|2,5|5,2|1,2|6,2|2,1|1,3|2,1|3,1|1,1|3,1|1,4|2,3|1,2|1,3|2,2|2,1|1,7|1,1|2,1|2,2|1,1|2,2|7,2|2,3|4,3|1,1|3,6|1,1|2,.|.,1|2,5|1,1|1,1|1
29P2__29,2|6,5|1,2|6,1|1,1|4,8|3,1|1,1|1,2|1,2|1,2|1,1|1,1|1,4|5,9|6,1|1,2|1,1|1,2|1,1|2,5|1,2|2,1|1,1|3,4|3,1|4,1|2,10|1,1|5,3|2,85|18,1|1,4|1,1|4,1|2,1|2,1|1,1|2,2|1,3|3,1|1,1|1,3|5,2|1,1|1,.|.,1|1,1|1,4|1,1|1,1|2,1|4,1|4,4|5,1|2,.|.,1|2,3|3,1|2,1|1
29S__30,3|6,2|1,1|5,1|3,2|1,1|1,1|1,1|1,2|1,1|1,1|2,1|1,1|1,1|2,3|3,4|1,2|3,1|1,2|3,1|1,1|3,1|2,2|2,1|3,5|19,3|1,2|4,1|2,2|5,2|1,90|91,1|2,3|1,1|1,10|58,1|1,.|.,1|1,2|1,1|3,1|5,5|1,1|1,2|3,1|1,6|6,1|1,1|2,4|6,1|1,1|1,1|2,1|1,1|1,1|1,.|.,1|2,3|3,1|2,1|1
30P1__31,2|7,4|3,2|3,7|7,3|1,7|2,2|3,3|4,3|1,2|1,3|4,1|2,1|4,3|1,1|4,1|1,1|4,1|3,2|1,1|2,4|3,1|1,2|2,6|4,2|2,2|1,1|2,5|5,2|4,5|1,1|1,3|3,2|1,1|3,1|1,1|1,1|1,4|2,3|1,2|1,1|2,2|2,1|1,5|6,2|3,1|2,2|1,1|2,7|2,2|2,3|4,3|1,1|2,1|2,1|2,.|.,1|2,1|2,1|1,1|1
30P2__32,3|1,2|4,1|5,4|4,2|1,1|1,4|4,1|1,2|1,3|1,5|1,1|2,1|2,4|5,66|67,1|1,1|3,1|2,2|1,1|1,5|1,2|2,1|1,1|3,4|3,3|4,2|4,1|2,2|5,3|2,1|1,1|2,4|1,1|4,1|2,1|1,1|1,1|1,2|1,4|3,1|5,5|5,1|1,1|3,1|1,.|.,1|4,1|2,4|6,1|1,1|2,1|2,1|1,1|4,1|1,.|.,1|2,1|4,.|.,2|2
30S__33,4|4,3|3,1|1,2|6,3|1,6|9,5|2,2|1,2|4,2|1,1|1,3|1,1|3,3|2,72|3,2|3,1|1,1|2,1|5,1|4,4|4,1|1,1|1,2|2,1|1,2|1,1|3,6|7,1|1,3|1,1|1,1|1,7|5,1|2,3|1,1|4,1|1,1|3,2|2,2|4,1|1,1|4,2|2,1|4,1|4,7|7,6|1,1|1,2|5,.|.,1|2,1|1,1|1,3|2,1|1,.|.,1|1,2|6,6|2,2|3
4P1__34,2|5,4|4,2|3,7|7,2|1,7|2,2|3,3|4,3|1,2|1,1|4,5|1,1|2,8|3,2|4,2|1,1|1,1|2,2|1,1|3,2|3,1|1,3|3,1|5,1|1,2|1,1|2,5|5,4|7,1|5,1|1,3|3,2|1,1|3,1|1,1|3,1|1,4|2,3|1,2|1,3|4,2|2,1|1,7|1,1|2,5|3,1|5,1|2,2|8,3|3,3|5,1|6,1|2,1|2,1|2,.|.,3|4,1|1,1|1,1|1
4P2__35,8|4,3|5,4|4,5|2,3|1,6|9,5|2,1|1,2|4,2|1,1|1,1|1,1|3,6|2,2|2,2|3,2|2,1|1,1|5,1|1,2|2,5|3,1|3,2|2,1|1,2|1,1|2,1|2,1|1,1|1,1|1,1|1,7|5,2|2,1|1,1|1,.|.,1|3,2|2,1|5,1|2,2|2,1|2,2|1,1|1,4|4,2|1,1|1,2|1,14|15,1|2,5|1,1|2,2|3,1|2,.|.,1|3,8|2,1|1,1|1
4S__36,3|6,2|2,1|5,1|3,2|1,1|8,4|1,1|1,2|1,3|1,5|1,2|1,1|2,2|4,5|8,1|1,2|3,1|1,2|1,1|2,5|1,2|2,1|1,1|1,7|6,3|1,2|4,1|1,2|2,3|1,13|100,1|2,3|1,1|1,1|1,1|2,1|1,1|1,2|1,3|3,1|1,1|1,1|1,2|3,1|1,6|6,1|1,1|1,4|4,4|1,1|1,4|1,1|4,4|5,1|2,.|.,1|2,1|4,2|2,2|3
