Locus,Haplotypes,12PA__1,12PB__2,12S__3,16P1__4,16P2__5,16S__6,17PA__7,17PB__8,17S__9,19P1__10,19P2__11,19S__12,22PA__13,22PB__14,22S__15,24PA__16,24PB__17,24S__18,25P1__19,25P2__20,25S__21,27P1__22,27P2__23,27S__24,28P1__25,28P2__26,28S__27,29P1__28,29P2__29,29S__30,30P1__31,30P2__32,30S__33,4P1__34,4P2__35,4S__36
Aperc_c1_16,1(0.22);2(0.19);3(0.17);4(0.14);5(0.11);6(0.08);7(0.06);8(0.03);,"3/1:373,158","1/4:146,105","2/5:230,126","2/5:256,139","3/6:923,332","1/4:386,340","3/6:958,365","1/4:169,119","2/7:435,273","2/5:335,181","1/4:398,359","3/1:410,201","8/1:2357,787","2/5:417,213","3/6:308,112","3/1:432,178","1/4:175,150","2/7:1816,1060","2/5:638,337","2/1:284,150","3/1:575,272","2/5:455,204","1/4:816,656","3/1:445,258","2/5:439,223","1/4:95,73","3/1:394,181","2/7:377,207","2/6:182,54","3/6:584,202","2/7:196,141","3/1:226,103",4/4:240,"2/5:396,182","8/4:1327,375","3/6:392,117"
Aperc_c1_4,1(0.29);2(0.24);3(0.22);4(0.19);5(0.06);,"2/1:42,11","3/1:42,14","4/1:34,7","4/1:38,12","2/1:90,29","3/1:57,23","2/1:126,28","3/1:30,11","4/3:64,27",4/4:44,"3/1:60,27","2/1:56,13","5/1:84,22","4/1:59,14","2/1:24,12","2/1:51,11","3/1:32,13",4/4:167,"2/1:86,20","5/1:27,9",2/2:57,"4/3:43,28","3/1:94,28",2/2:91,"2/3:51,37",3/3:24,"2/1:44,9","4/3:41,34","5/1:19,8","2/1:71,19","4/3:27,16","2/4:18,5",3/3:45,4/4:60,"3/5:92,66",2/2:45
Aperc_c1_6,1(0.39);2(0.21);4(0.14);3(0.12);5(0.08);6(0.06);,"1/6:317,302",1/1:512,"2/3:320,196","2/3:265,172",1/1:415,"1/4:474,317","1/5:628,135","1/4:174,144","2/3:365,235","2/3:264,145","1/4:502,301","1/6:285,281",4/4:672,"2/3:325,190","1/5:172,35",1/1:233,"1/4:222,161","2/3:1032,536","2/3:559,329",2/2:239,1/1:278,"2/1:322,185","1/4:641,439","1/5:363,88","2/1:344,220","1/4:156,127","6/1:280,230","2/1:338,195","2/6:172,141","1/5:307,72","2/3:204,120","1/5:93,25",1/1:331,"2/3:404,227",4/4:1111,"1/5:265,63"
Aperc_c1_12,1(0.33);2(0.14);3(0.14);7(0.11);4(0.10);5(0.07);6(0.07);8(0.03);9(0.01);,4/4:46,"5/2:334,224",1/1:298,1/1:294,"1/3:683,291","2/6:623,489",3/3:552,"5/2:316,177",7/7:543,7/7:373,"5/2:727,443","4/8:44,11","5/2:754,367",1/1:412,1/1:300,3/3:212,"2/6:288,215",1/1:1051,1/1:668,"1/3:280,119",3/3:246,1/1:352,"2/6:947,809","4/8:67,15",1/1:416,"2/6:236,209","4/9:28,6",1/1:337,1/1:187,"1/3:659,259",7/7:234,4/4:18,"2/6:194,137",7/7:486,"5/2:1040,589","1/3:395,201"
Aperc_c2_7,1(0.49);2(0.18);3(0.15);4(0.10);5(0.08);,"1/4:156,126","3/5:240,67","3/1:213,84","2/1:179,115","1/4:413,299","1/5:286,145","1/4:424,304","1/5:149,97","3/1:404,202","3/1:380,177","3/1:752,339","1/4:178,162","1/5:673,394","3/1:395,218","2/1:238,130","2/1:265,166","1/5:174,86","3/1:1779,863","2/1:495,299","1/4:136,91","1/4:244,217","2/1:281,159",1/1:1171,"2/1:254,174","2/1:298,171","3/5:116,42","2/1:224,124","2/1:232,149","1/4:78,54","2/1:335,201","3/1:173,89","2/1:141,79","3/1:231,106","2/1:261,175","3/1:774,371","2/1:221,141"
Aperc_c2_44,1(0.28);2(0.18);3(0.10);4(0.08);7(0.08);6(0.07);8(0.07);9(0.06);10(0.04);5(0.04);,"3/10:73,51","6/4:282,82",7/7:110,"1/2:219,71","3/10:167,134","2/4:225,174","3/10:193,144","2/4:117,91","7/5:210,70","7/5:130,49","6/9:601,197","8/3:87,73","4/2:237,229","1/2:283,89",1/1:197,1/1:302,"2/4:130,93","1/2:698,217","1/5:473,105","8/3:52,49","8/3:92,68","1/2:259,65","9/2:358,286",1/1:552,"1/2:325,82","6/4:259,60",1/1:276,"1/2:241,81","8/3:35,22",1/1:461,"7/2:104,46",1/1:129,"6/9:192,73","7/2:209,86","6/9:867,254","1/8:272,67"
Aperc_c2_15,1(0.40);2(0.22);4(0.15);3(0.12);5(0.06);6(0.04);,1/1:462,"2/1:238,166","2/6:215,115","2/3:209,180",1/1:727,1/1:1024,1/1:1108,1/1:376,"2/6:326,186","2/3:239,173","2/1:616,421",4/4:302,1/1:823,"2/3:308,248","4/1:249,134",4/4:326,"5/1:490,170","2/3:764,582","2/3:577,444",1/1:122,1/1:266,"2/3:267,180",1/1:831,4/4:511,"2/6:280,153","5/1:320,111","4/1:309,176","2/3:233,207",1/1:92,1/1:643,"2/3:182,128",4/4:145,"5/2:296,187","2/3:318,288","5/2:1177,678","4/1:283,206"
Aperc_c2_28,1(0.60);2(0.18);3(0.12);4(0.10);,1/1:195,1/1:176,"2/4:35,14","3/4:134,70",1/1:518,2/2:438,1/1:841,"2/1:184,117","2/1:234,146","3/4:151,66",1/1:619,1/1:329,"2/1:413,268","3/1:177,131",1/1:190,1/1:286,2/2:432,"2/1:568,430","3/1:308,245",1/1:218,1/1:329,"3/4:157,76","2/1:688,442",1/1:532,"3/4:177,112",2/2:332,1/1:325,"3/1:175,123",1/1:128,1/1:436,"3/4:100,68",1/1:132,"2/1:120,108","3/4:165,71",1/1:695,1/1:139
Aperc_c2_4,1(0.47);2(0.35);3(0.10);4(0.08);,"2/1:322,196","2/4:319,171","3/1:194,85","3/1:315,180","2/1:781,504",1/1:1308,"2/1:1102,704",1/1:578,"2/1:493,355","3/1:447,244","2/4:770,427","2/1:406,279","2/4:802,418","2/1:469,292","2/1:280,150","2/1:401,287","2/1:417,262","2/1:1238,770","2/1:779,478","2/1:286,187","2/1:503,324","3/1:447,245","1/4:842,623","2/1:697,493","3/1:454,244",1/1:423,"2/1:411,279","2/1:303,216","2/1:177,136","2/1:597,337","3/1:265,161","2/1:182,118","2/4:268,172","3/1:415,262","2/4:1103,625","2/1:350,177"
Aperc_c3_7,1(0.54);2(0.38);3(0.08);,"2/1:291,201",1/1:340,"2/1:143,135","2/1:193,150",1/1:1208,"2/1:577,441","3/1:975,596","2/1:263,221","2/1:309,258","2/1:270,239","2/1:669,545","2/1:387,290",1/1:2144,"2/1:336,266","3/2:375,201","2/1:300,238","2/1:292,202","2/1:1502,1061","2/1:575,396",1/1:377,"2/1:436,363","2/1:295,239","2/1:1056,811","3/2:352,243","2/1:306,215","2/1:120,83","3/1:386,191","2/1:226,165","2/1:140,101",1/1:671,"2/1:167,123","3/1:195,95","2/1:217,149","2/1:289,221","2/1:745,543","3/1:256,212"
Aperc_c3_17,1(0.44);2(0.15);3(0.12);5(0.11);4(0.10);6(0.04);7(0.03);,2/2:192,"7/4:71,40","3/6:32,19",1/1:182,"2/1:543,514",1/1:303,"5/1:1043,816",1/1:274,"3/4:156,93","3/6:115,43","1/7:518,165",2/2:273,4/4:121,"3/6:147,33",5/5:275,"2/1:227,54",1/1:268,"1/4:808,184",1/1:458,"2/1:231,187",2/2:311,3/3:104,1/1:701,5/5:609,3/3:115,1/1:212,"5/1:385,255",1/1:207,"2/1:154,152","1/2:465,454","3/4:85,46","5/1:192,115",1/1:173,"1/4:230,70",1/1:638,"5/1:211,174"
Aperc_c3_34,1(0.58);2(0.19);3(0.10);5(0.07);4(0.06);,1/1:131,"4/1:109,77","1/2:55,30","1/5:83,72",1/1:370,"3/1:261,133","1/2:245,227","3/4:137,122","1/2:94,91","2/1:71,56","3/4:342,329",1/1:180,1/1:453,"1/2:170,84","2/1:47,42","2/1:83,70","4/3:178,160","1/5:273,248","1/5:242,178",1/1:144,1/1:299,"1/2:122,68","3/1:473,231","2/1:162,141","2/1:78,78","3/1:123,41","2/1:92,80","5/1:82,81",1/1:87,1/1:270,"1/2:47,46","1/2:47,32","3/1:114,56","5/1:101,87",1/1:501,"2/1:78,64"
Aperc_c3_39,1(0.60);2(0.19);3(0.14);4(0.07);,1/1:1192,"1/3:532,191","1/2:384,254","1/2:561,308","1/2:1321,850","1/3:1209,390","1/2:2145,1372","1/3:626,188","1/4:785,302","1/4:612,198","1/3:1320,463","1/2:736,472","1/3:1385,416","1/2:812,521",1/1:1040,"1/2:720,454","1/3:711,220","1/2:2433,1403","1/2:1295,818",1/1:1097,"1/2:938,536","1/4:708,297","1/3:2179,656",1/1:2550,"1/4:747,283","1/3:530,152",1/1:1552,"1/2:719,388",1/1:689,1/1:2404,"1/4:436,171","1/2:333,238","1/3:419,186","1/2:753,403","1/3:1848,623","1/2:601,347"
Aperc_c4_30,1(0.19);2(0.19);3(0.17);4(0.15);5(0.10);6(0.07);7(0.07);8(0.06);,"1/2:605,491","6/4:577,345","8/7:564,416","1/3:404,351","2/4:1219,1002","6/2:1626,1082","2/4:1295,1089","3/4:477,407","1/3:541,437","1/7:516,374","6/2:1391,930","4/5:600,461","6/4:2677,1460","1/3:549,498","1/5:455,306","1/5:608,359","3/2:537,466","1/7:2408,1710","8/3:948,787","1/2:444,338","2/4:811,699","1/7:585,396","3/2:2611,2207","4/5:533,459","1/3:550,503","3/2:243,178","1/5:513,351","8/7:496,279","4/5:205,185","1/2:690,571","3/1:240,225","4/5:216,194","3/2:372,314","8/3:619,561","6/2:1683,1105","2/4:681,602"
Aperc_c4_24,3(0.22);2(0.21);1(0.19);4(0.08);13(0.06);5(0.06);6(0.04);9(0.03);41(0.01);20(0.01);17(0.01);61(0.01);66(0.01);67(0.01);72(0.01);8(0.01);,3/3:198,"2/13:249,102",2/2:246,1/1:236,"5/6:21,6",2/2:574,"5/9:20,10",13/13:62,1/1:319,1/1:217,2/2:577,"6/1:3,3","2/13:439,149","1/4:276,88",3/3:155,3/3:247,"3/1:4,3",1/1:771,"2/4:408,164","3/2:168,38",3/3:298,"1/4:278,83","41/20:2,2","17/5:4,3","1/4:242,68","61/3:2,1",3/3:254,2/2:252,"9/6:1,1",3/3:439,"1/4:159,56","66/67:1,1","72/3:1,1","2/4:291,100",2/2:712,"5/8:16,5"
Aperc_c4_11,1(0.50);2(0.29);3(0.14);4(0.07);,"2/4:240,159","2/3:241,150","2/1:167,130",1/1:125,1/1:773,"2/3:477,306",1/1:1124,"2/3:242,128",1/1:180,1/1:173,"2/3:519,320","2/1:315,179","2/3:583,303","2/1:273,178","2/4:192,116","4/1:221,190","2/3:296,126",1/1:558,"2/1:465,326","2/1:190,129","2/1:362,229",1/1:153,"2/3:958,559","4/1:395,341","2/1:320,177","2/3:228,131",1/1:420,"2/1:286,162",1/1:216,"4/1:379,322",1/1:108,1/1:226,"2/3:182,114","2/1:275,179","2/3:776,449",1/1:336
Aperc_c4_27,1(0.50);2(0.28);3(0.14);4(0.08);,"1/3:266,183",2/2:459,"1/4:68,61",1/1:482,"1/3:684,433","1/2:469,415","2/3:793,557",2/2:560,1/1:830,1/1:602,"1/2:718,686","1/3:378,256","2/1:701,657","1/4:371,268","1/3:240,159","2/1:380,379",1/1:804,1/1:2081,"1/4:559,424","1/3:257,181","1/3:484,319",1/1:762,2/2:2113,"2/1:603,595","1/4:336,253",2/2:503,"1/2:387,386","1/4:303,225","2/1:185,182","2/3:461,276","1/4:193,138","1/3:183,97",1/1:490,1/1:664,2/2:1689,"2/3:168,100"
Aperc_c4_10,1(0.69);2(0.21);3(0.10);,"1/2:390,193",1/1:910,"1/3:147,88","1/3:339,211","1/2:909,489",1/1:1331,1/1:3117,1/1:855,"1/2:525,300","1/2:421,215","1/2:965,502","1/2:538,325",1/1:2248,"1/3:555,344","1/2:303,140",1/1:1048,"1/2:495,234","1/2:1587,708","1/3:894,536","1/2:357,171","1/2:659,352","1/2:526,267",1/1:3351,1/1:2008,"1/3:492,364",1/1:840,1/1:1174,"1/3:432,271",1/1:492,1/1:1861,"1/3:295,188","1/2:226,126","1/2:316,199","1/2:458,270",1/1:3230,1/1:810
Aperc_c5_34,1(0.40);2(0.36);3(0.10);5(0.10);4(0.04);,"2/3:411,145","1/5:137,81","2/1:91,56","2/1:191,139","2/1:506,360","1/5:274,126","2/3:1555,550","1/4:148,81","2/1:288,205","2/1:229,153","1/4:847,316","2/3:544,207","1/5:391,260","2/1:331,217","2/1:198,116","2/1:294,226","1/4:403,128","2/1:922,618","2/1:485,342","2/3:407,152","2/3:769,247","2/1:305,211","1/5:602,372","2/1:462,288","2/1:287,188","1/5:152,86","2/3:546,228","2/1:277,188","2/1:144,101","2/3:933,359","2/1:189,128","2/1:123,84","1/5:162,69","2/1:286,168","1/5:482,262","2/1:133,123"
Aperc_c5_2,1(0.72);2(0.17);3(0.10);4(0.01);,1/1:627,1/1:458,"1/3:117,86","1/3:278,134","2/1:822,795",1/1:1239,1/1:1805,1/1:707,"1/2:401,351","1/3:367,220",1/1:1661,1/1:815,1/1:3012,"1/3:449,245","1/2:309,261","2/1:399,381",1/1:778,"1/2:2053,1753","1/3:666,386",1/1:564,1/1:1204,"1/2:421,405",1/1:2938,"1/2:393,374","1/3:405,206",1/1:282,"1/2:363,314","1/2:331,330","1/2:158,150",1/1:1027,"1/2:216,175",1/1:346,"1/4:244,114","1/3:418,205",1/1:1597,"1/2:255,243"
Aperc_c5_15,2(0.28);4(0.21);1(0.19);3(0.18);5(0.10);6(0.04);,"1/3:216,106",2/2:270,"2/3:199,63","2/3:267,70","5/1:482,352",2/2:580,"1/3:692,277",4/4:394,4/4:512,2/2:322,"2/6:676,230","1/3:239,104",2/2:760,"2/3:441,113","1/3:200,61","5/1:245,219","2/6:369,125",4/4:1453,"2/3:691,150","1/3:181,65","5/1:325,246",4/4:545,4/4:1596,"5/1:446,329",2/2:401,"2/6:270,88","1/3:248,68",4/4:495,"5/1:126,104","1/3:355,131","4/3:296,63","5/1:103,91",4/4:346,"2/3:345,88",2/2:1045,"5/1:206,169"
Aperc_c5_32,1(0.29);3(0.28);2(0.28);5(0.15);,"1/5:2,2",5/5:254,3/3:264,1/1:323,2/2:3,./.:0,3/3:4,5/5:235,3/3:302,3/3:226,"3/1:1,1",./.:0,2/2:6,3/3:357,"3/1:1,1","2/1:3,2",5/5:293,3/3:683,1/1:744,1/1:3,2/2:540,3/3:340,5/5:983,2/2:862,1/1:429,"1/2:1,1",2/2:516,3/3:317,2/2:243,"1/2:2,1",1/1:207,2/2:253,1/1:2,1/1:463,"5/3:7,3",2/2:527
Aperc_c6_29,1(0.48);2(0.35);3(0.14);5(0.02);7(0.02);,"3/1:1,1",./.:0,2/2:201,2/2:226,1/1:5,1/1:488,1/1:703,1/1:212,2/2:346,2/2:312,"1/5:1,1",1/1:302,"2/1:1,1",2/2:392,1/1:179,"2/1:5,3","3/1:3,2",3/3:1286,2/2:595,1/1:223,"7/2:1,1",2/2:356,1/1:963,./.:0,3/3:305,1/1:104,./.:0,2/2:280,1/1:135,2/2:1,2/2:178,1/1:1,1/1:181,3/3:338,"1/3:6,2",1/1:278
Aperc_c6_1,1(0.38);2(0.24);3(0.14);4(0.11);5(0.06);6(0.04);7(0.04);,1/1:606,2/2:625,"1/4:168,47","6/4:339,138","1/3:733,369",2/2:1308,1/1:2194,2/2:766,"1/5:396,119","1/4:317,175","2/7:865,252",1/1:875,2/2:1662,"1/4:415,220","1/3:248,92","1/3:381,170","2/7:432,134","1/4:1171,574","6/4:945,352","1/3:256,124","1/3:489,208","1/5:420,92","2/7:1481,418","1/3:768,303","1/4:415,226",2/2:784,"1/3:392,197","1/5:392,86","1/3:190,80","1/3:711,262","6/4:312,110","1/3:178,79",2/2:601,"1/5:368,89",2/2:2527,1/1:612
Aperc_c6_10,1(0.31);2(0.31);3(0.11);4(0.10);6(0.07);7(0.06);5(0.04);19(0.01);,6/6:10,1/1:83,2/2:23,2/2:78,"4/3:272,185",2/2:119,"7/5:12,8",2/2:109,1/1:171,1/1:134,1/1:300,7/7:6,2/2:214,1/1:180,"3/5:2,2","4/3:132,90",1/1:144,2/2:308,2/2:191,"4/3:115,61","4/3:177,86",2/2:70,2/2:215,"4/3:184,115",1/1:137,2/2:67,6/6:8,1/1:105,"4/3:75,37","5/19:4,2",2/2:76,"4/3:46,30",1/1:120,1/1:129,1/1:364,"7/6:3,2"
Aperc_c6_25,1(0.54);2(0.24);3(0.11);4(0.11);,"3/1:801,654","2/1:610,580","2/1:502,406","2/1:564,506","1/4:1127,919",1/1:2493,"3/4:1972,1153",1/1:1039,"2/1:734,689","2/1:625,495","2/1:1427,1210","3/1:776,644",1/1:2730,"2/1:830,702",1/1:1010,"1/4:615,450","2/1:741,634","2/1:1966,1814","2/1:1286,1089","1/4:423,333","3/4:1042,593","2/1:728,675",1/1:3935,"3/4:1472,840","2/1:749,674",1/1:1015,1/1:1475,"2/1:747,613","1/4:296,207","3/1:1520,1165","2/1:423,360","3/4:380,218","2/1:430,414","2/1:802,678","2/1:1801,1568","3/1:803,624"
Aperc_c7_34,1(0.38);2(0.36);4(0.14);3(0.12);,"1/2:232,82","1/2:175,51","1/2:122,33","1/2:201,47","3/4:192,103",1/1:491,"3/4:215,126","1/3:275,99","1/2:336,93","1/2:271,74","1/3:667,218","4/2:79,71","1/2:1250,328","1/2:322,108","2/4:46,36","3/4:84,55","1/2:293,83","1/2:1458,418","1/2:526,152","3/4:67,42","3/4:121,88","1/2:311,66","1/2:1248,294","1/2:292,68","1/2:311,84","1/2:131,31","1/3:285,112","1/2:244,64","1/2:111,42","2/4:73,53","1/2:147,50","2/4:35,22","1/3:205,58","1/2:282,58","1/2:628,199","2/4:48,27"
Aperc_c7_36,1(0.32);5(0.19);2(0.15);6(0.08);7(0.08);10(0.06);8(0.04);3(0.03);17(0.01);4(0.01);26(0.01);,10/10:30,"6/7:53,31","1/17:5,3",5/5:28,"1/2:22,10","6/7:113,68","1/2:34,13","6/7:67,22","5/1:49,10","8/3:7,5","1/2:21,7","1/3:14,6","6/7:108,97","8/1:7,6","1/2:6,4","1/4:12,5","7/6:58,52",5/5:93,"8/1:20,18","1/2:9,5","1/2:11,9","5/1:25,10","1/2:25,22","1/2:16,6",5/5:50,"1/26:9,2","10/1:22,6",5/5:39,"10/1:9,5","1/2:13,8",5/5:16,"1/2:5,4","6/7:46,17",5/5:45,"1/2:27,15",1/1:15
Aperc_c7_26,1(0.54);2(0.31);4(0.07);5(0.07);7(0.01);,2/2:543,1/1:481,1/1:438,1/1:428,1/1:997,1/1:1170,2/2:1815,1/1:373,"2/4:586,344","2/1:412,375",1/1:1057,"2/5:484,359",1/1:1184,"2/1:641,512",2/2:480,2/2:679,1/1:556,"2/1:1537,1263","2/1:929,751",1/1:409,1/1:758,"2/4:530,264",1/1:1733,1/1:873,"2/4:572,292",1/1:420,"1/5:546,528","2/1:425,400","1/5:243,188","2/5:860,675","2/4:244,161","2/5:182,148",1/1:298,"4/7:377,88",1/1:1437,2/2:521
Aperc_c7_3,1(0.42);2(0.24);3(0.19);5(0.08);6(0.07);,1/1:748,"3/1:326,251","6/2:195,161","2/6:255,212",1/1:1755,"3/2:823,553","3/1:1241,1031","1/2:345,320","5/1:406,382","5/1:379,321",1/1:1826,"3/2:535,416","3/2:1723,1313","1/2:368,361","3/1:411,319","3/2:413,336","3/2:442,340","2/6:1590,1254","1/2:612,603","3/1:379,324",1/1:1150,"5/1:377,319","3/2:1576,1292",1/1:735,"5/6:438,263",1/1:269,"2/1:350,269","2/6:271,191","3/2:169,153","2/1:475,394","5/1:200,187","3/2:173,173","3/1:321,268","1/5:385,382",1/1:1731,"3/1:448,347"
Aperc_c11_44,1(0.61);2(0.15);9(0.01);5(0.01);17(0.01);45(0.01);4(0.01);3(0.01);55(0.01);67(0.01);68(0.01);78(0.01);79(0.01);85(0.01);18(0.01);90(0.01);91(0.01);13(0.01);100(0.01);,"1/9:229,47","1/5:2,2",1/1:144,2/2:170,"2/1:4,2","17/45:2,1","1/4:5,3",1/1:280,1/1:318,2/2:246,"3/55:2,1",1/1:344,1/1:1290,1/1:305,"67/68:1,1",1/1:355,1/1:237,2/2:1300,2/2:449,1/1:242,1/1:385,1/1:310,1/1:1105,"78/79:1,1",1/1:332,1/1:114,1/1:296,2/2:211,"85/18:1,1","90/91:1,1",1/1:163,1/1:158,1/1:199,1/1:290,1/1:629,"13/100:2,1"
Aperc_c11_41,1(0.57);3(0.17);4(0.14);2(0.12);,"1/2:259,239",4/4:295,3/3:246,1/1:200,"1/2:654,554",4/4:621,1/1:960,1/1:309,3/3:549,1/1:272,4/4:1154,1/1:410,1/1:1504,3/3:434,"1/2:300,231",1/1:330,4/4:375,1/1:1400,1/1:636,"1/2:281,250","1/2:558,480",1/1:398,1/1:858,1/1:513,3/3:392,4/4:297,"1/2:522,400",1/1:393,1/1:137,"1/2:565,485",3/3:224,"1/2:218,194",1/1:212,3/3:399,1/1:676,"1/2:266,262"
Aperc_c11_38,1(0.32);2(0.17);3(0.14);4(0.10);5(0.08);6(0.07);7(0.07);8(0.06);,"3/1:54,48","5/6:37,36","2/1:37,27","1/2:30,23","3/1:91,83","6/8:116,112","3/1:204,145","7/8:75,45","2/1:77,57","2/1:66,57","6/8:218,197","4/1:97,83","7/5:388,288","2/3:84,68","3/1:64,49","1/4:45,44","5/6:84,79","1/2:256,237","3/2:136,134","4/1:67,50","4/1:102,93","1/2:72,71","7/5:266,201","3/1:114,90","2/1:64,61","6/8:56,34","4/1:100,97","3/2:68,58","4/1:32,31","3/1:122,89","2/1:45,34","4/1:31,27","7/5:62,45","2/1:43,38","7/5:230,154","3/1:63,40"
Aperc_c11_35,1(0.62);2(0.18);3(0.10);4(0.10);,1/1:544,1/1:602,"1/3:247,227","1/3:243,197",1/1:1540,1/1:1229,1/1:2604,2/2:634,"1/2:588,505","1/3:343,289","1/2:927,783",1/1:916,"1/2:1537,1246","1/2:408,347","1/4:278,174","1/4:365,186",1/1:687,"1/2:1597,1213","1/2:560,515","1/4:322,216","1/4:504,284","1/3:358,248",1/1:1748,1/1:1037,"1/2:345,264","1/2:295,251","1/4:405,217","1/3:287,228","1/4:157,74",1/1:800,"1/3:202,132","1/4:166,89","1/2:181,163","1/3:338,303",2/2:1336,1/1:590
Aperc_c11_26,1(0.54);2(0.31);3(0.04);12(0.01);13(0.01);46(0.01);47(0.01);4(0.01);53(0.01);10(0.01);58(0.01);,"12/13:1,1",1/1:157,1/1:224,"1/2:171,140",2/2:403,1/1:396,"1/2:2,2",1/1:229,2/2:276,1/1:259,"1/2:3,3",1/1:343,1/1:1286,2/2:293,2/2:191,"1/2:262,219","1/3:5,3",2/2:1079,"1/2:574,462",2/2:192,"1/2:455,353",1/1:702,"3/2:4,3",1/1:381,"1/2:300,245","46/47:1,1","4/53:2,1",1/1:280,"1/2:150,97","10/58:1,1",1/1:164,"1/2:160,138","3/1:2,1",1/1:196,1/1:549,1/1:173
Aperc_c12_23,1(0.81);2(0.08);3(0.07);4(0.04);,1/1:1006,1/1:996,"1/3:493,198","1/3:412,138","1/2:1384,475",1/1:2556,1/1:3036,1/1:1031,1/1:631,1/1:615,1/1:2280,"1/2:832,257","1/4:2226,646",1/1:720,1/1:869,1/1:1171,1/1:1068,1/1:3480,1/1:1031,1/1:865,1/1:1625,"1/3:633,199","1/4:2159,619","1/2:537,182",1/1:575,1/1:389,"1/2:467,164","1/3:386,142","1/2:225,73",1/1:1331,1/1:281,1/1:392,"1/4:338,85","1/3:652,222",1/1:2870,"1/2:734,296"
Aperc_c12_12,1(1.00);,./.:0,1/1:101,1/1:51,1/1:109,1/1:309,1/1:195,./.:0,1/1:12,1/1:240,1/1:173,1/1:490,1/1:260,1/1:1754,1/1:201,./.:0,1/1:4,1/1:210,1/1:883,1/1:364,./.:0,./.:0,1/1:195,1/1:507,1/1:260,1/1:178,./.:0,1/1:198,1/1:165,1/1:82,./.:0,1/1:131,1/1:2,1/1:110,1/1:141,./.:0,1/1:105
Aperc_c12_30,1(0.61);2(0.24);3(0.08);4(0.07);,"1/2:374,243",1/1:807,"1/2:210,133","1/2:286,178","1/2:863,578",1/1:1817,1/1:4204,"1/3:509,230","1/2:668,512","4/2:543,414",1/1:3912,"1/2:645,480","1/3:2285,1267","1/2:575,416",1/1:999,1/1:1270,"1/3:539,283","1/2:2453,1570","4/2:1120,846",1/1:1087,1/1:1982,"1/2:522,334",1/1:3138,1/1:1677,"1/2:542,332","1/3:416,223","1/2:627,392","4/2:606,407","1/2:258,195",1/1:1823,"4/2:344,286",1/1:755,"1/3:384,191","4/2:479,299","1/3:1291,769",1/1:738
Aperc_c12_17,1(0.43);2(0.33);3(0.17);4(0.07);,"2/1:203,149",1/1:307,"4/3:225,211","4/3:283,196","2/1:536,435",1/1:814,"2/1:918,719","2/1:240,194","3/1:402,316","3/1:329,211",1/1:1365,"2/1:383,324",2/2:2550,"4/3:473,351","2/1:221,191","2/1:271,229","2/1:307,257","4/3:2099,1627","3/1:614,476","2/1:272,196","2/1:437,346","3/1:376,283","2/1:731,563","2/1:356,316","4/3:398,311","2/1:260,171","2/1:352,301","3/1:362,249","2/1:143,121","2/1:395,338","3/1:189,159","2/1:170,100",2/2:380,"3/1:263,200",2/2:1178,"2/1:176,172"
Aperc_c13_18,3(0.28);1(0.28);2(0.25);4(0.14);5(0.06);,3/3:378,"2/1:232,197","2/1:208,150","2/1:266,202",3/3:1031,"2/1:660,591","4/3:578,480","4/5:222,196","2/1:352,337","1/2:335,310","5/4:621,550","4/3:293,260","2/4:1270,970","1/2:367,366","1/3:285,206","1/3:350,225","2/4:316,222","2/1:1632,1497","2/1:600,476","1/3:267,176","4/3:383,341","2/1:442,384","1/5:1324,1108",3/3:510,"1/2:350,341","2/4:139,120",3/3:425,"2/1:355,273",3/3:197,"1/3:478,353","2/1:174,147","4/3:149,118","2/4:206,175","2/1:402,301","1/5:698,579",3/3:444
Aperc_c13_10,1(0.61);2(0.19);3(0.08);4(0.06);5(0.06);,1/1:461,"1/2:222,177","1/2:229,181","3/4:116,111",1/1:959,"1/2:528,467",1/1:1619,1/1:402,"1/2:379,333","1/4:271,157",1/1:1561,1/1:620,1/1:2277,"2/3:220,207",1/1:356,"1/5:244,102","1/2:272,211","1/2:1222,972","1/2:505,442","1/5:238,102",1/1:761,"3/2:273,248","1/2:723,580",1/1:721,"3/4:207,168","1/2:200,190",1/1:633,"3/2:205,193",1/1:238,"1/5:364,165","1/2:151,128","1/5:139,50",1/1:343,"3/4:210,170","1/2:595,588",1/1:462
Aperc_c13_37,2(0.43);1(0.42);3(0.06);5(0.06);4(0.04);,1/1:87,"2/1:81,61","2/3:65,29",2/2:210,1/1:200,"2/1:186,109",1/1:107,2/2:150,"2/3:163,111",2/2:298,"1/4:328,264",1/1:171,"1/4:471,451",2/2:396,1/1:40,1/1:125,2/2:177,"2/3:601,350","2/3:265,167","1/5:76,74",1/1:87,2/2:414,"2/1:369,201",1/1:73,2/2:335,2/2:136,1/1:174,2/2:372,1/1:49,"5/1:123,112",2/2:209,5/5:63,"1/4:75,56",2/2:254,2/2:354,1/1:91
Aperc_c13_16,1(0.67);2(0.18);3(0.08);4(0.03);5(0.03);6(0.01);,1/1:115,"1/2:94,70",1/1:49,1/1:105,"3/1:8,5","1/2:214,114",1/1:565,"1/2:131,123",1/1:268,1/1:208,2/2:396,"3/4:6,5",2/2:674,1/1:229,"3/6:4,1","3/4:7,2","1/2:184,146",1/1:924,1/1:402,1/1:146,1/1:293,1/1:224,"1/2:379,294","5/3:4,2",1/1:166,"1/2:132,87",1/1:246,1/1:214,"3/5:5,2",1/1:242,1/1:124,1/1:96,2/2:111,1/1:133,"1/2:372,230",1/1:91
Aperc_c14_34,1(0.36);2(0.18);3(0.12);4(0.08);5(0.08);6(0.08);7(0.08);,1/1:331,"1/4:146,127","5/1:271,181","5/6:218,167","2/3:459,257","2/4:567,255","2/3:804,467","2/4:234,106","7/6:371,315","5/1:289,172","2/1:800,549","2/3:335,224","2/1:1197,804","7/6:368,274","2/1:240,155","1/3:241,165","1/4:197,140","5/1:1605,880","7/6:536,509",1/1:368,"1/3:319,267","5/6:374,278","1/4:582,390","1/3:304,225","7/1:307,198",1/1:286,"2/1:302,212","7/1:281,189","2/1:123,97","2/3:374,275","5/6:231,135","1/3:121,101","1/4:158,103","7/1:320,223","2/1:676,425","2/3:274,141"
Aperc_c14_35,1(0.65);2(0.18);3(0.10);4(0.07);,"1/3:289,114","1/4:243,218",2/2:321,"1/2:261,184","1/3:801,233",1/1:1347,"1/3:789,296","1/4:301,277","2/3:299,128","1/3:362,125",1/1:1508,1/1:807,1/1:2733,2/2:635,1/1:559,1/1:706,"1/4:309,227","1/2:1824,1415","1/2:647,547",1/1:555,1/1:1081,1/1:410,1/1:2896,1/1:773,2/2:695,"1/4:154,127","1/3:360,123","1/2:351,304",1/1:295,1/1:1003,"2/3:129,50",1/1:334,"1/4:216,204","1/2:347,291",1/1:1463,1/1:597
Aperc_c14_12,1(0.24);4(0.18);6(0.15);7(0.12);2(0.11);3(0.09);5(0.08);9(0.03);,1/1:42,7/7:34,"3/2:19,12","3/2:38,19",1/1:63,4/4:27,1/1:96,7/7:42,"1/2:49,32","5/1:52,42",4/4:143,9/9:1,4/4:212,"3/2:63,26",./.:0,6/6:150,4/4:46,"3/5:226,196","3/5:125,100",6/6:138,6/6:207,"5/1:54,34",4/4:118,1/1:59,"1/2:52,31",7/7:32,1/1:70,"1/2:34,26",./.:0,6/6:217,"1/2:23,9",./.:0,7/7:41,"5/3:44,40",4/4:98,6/6:80
Aperc_c14_15,1(0.60);2(0.17);4(0.10);5(0.08);6(0.06);,"1/4:90,54","6/1:117,104","1/5:61,17","1/5:85,33","1/4:250,121","2/1:240,211","1/4:381,163","6/1:194,131","2/1:234,183","2/1:193,160","2/1:555,450",1/1:481,"2/1:879,658","1/5:190,77",1/1:267,"1/4:133,55","2/1:186,158","1/5:674,227","1/5:306,128",1/1:346,1/1:582,"2/1:205,166","2/1:514,379","1/4:187,120","2/1:180,142","6/1:154,117","1/4:163,77","2/1:191,127",1/1:176,1/1:512,"2/1:137,93","1/4:76,31","6/1:119,104","1/5:137,41","2/1:365,288",1/1:189
Aperc_c15_17,1(0.68);2(0.32);,1/1:545,"1/2:249,221","1/2:341,296","1/2:209,160","1/2:600,539","1/2:620,547","1/2:909,851",1/1:628,"1/2:470,330","1/2:340,335",1/1:1960,"1/2:436,369",1/1:3159,"1/2:395,337","1/2:260,218",1/1:774,"1/2:383,310","1/2:1664,1272","1/2:670,558",1/1:588,"1/2:536,440","1/2:386,335",1/1:1798,1/1:929,"1/2:358,308",1/1:648,"1/2:417,366","1/2:368,297",1/1:281,"1/2:524,466","1/2:199,187","1/2:200,148",1/1:476,"1/2:310,265",1/1:1410,1/1:550
Aperc_c15_31,2(0.29);4(0.21);1(0.12);6(0.11);7(0.08);8(0.08);5(0.06);9(0.04);,"4/1:293,139","9/2:162,116","2/7:73,73","2/7:109,102","4/6:301,225","9/2:365,227","4/6:505,376","2/5:313,74","2/8:213,157","2/8:177,125","2/1:1123,265","6/4:194,193","2/1:1626,427","2/8:182,133","4/6:131,105","4/1:421,94","9/5:230,149","2/8:681,514","2/7:364,322","4/1:375,166","4/6:265,184","2/7:213,182","2/5:897,431","4/1:548,111","2/8:152,117","2/1:316,67","4/6:215,177","2/7:213,166","4/1:194,40","4/6:281,188","7/2:112,106","4/6:91,83","2/5:210,87","2/8:111,98","2/1:671,224",4/4:228
Aperc_c15_8,1(0.34);2(0.26);3(0.16);4(0.12);11(0.03);6(0.01);8(0.01);12(0.01);5(0.01);14(0.01);15(0.01);,1/1:1,4/4:31,2/2:11,2/2:70,1/1:278,4/4:78,1/1:335,"3/1:6,2",3/3:322,3/3:270,"6/4:1,1",1/1:141,"8/1:1,1",3/3:317,11/11:1,"2/12:1,1",4/4:98,3/3:1525,2/2:201,./.:0,1/1:196,2/2:140,"5/2:2,1",2/2:1,2/2:132,1/1:1,1/1:139,2/2:119,1/1:1,1/1:179,2/2:75,1/1:61,./.:0,3/3:300,"14/15:1,1","4/1:1,1"
Aperc_c15_15,1(0.42);2(0.18);3(0.17);4(0.12);5(0.11);,1/1:304,"1/5:134,100","3/4:112,98","3/4:177,147","1/2:375,208","1/5:303,175","1/2:668,388","1/2:197,120","3/4:373,300","3/5:278,142","1/2:691,345","1/2:302,171","1/5:947,705","3/5:315,151",1/1:378,1/1:517,"1/5:239,156","3/4:1407,1137","3/4:539,532","1/2:199,139","1/2:285,172","3/4:291,283","1/2:663,316",1/1:664,"3/4:295,259","1/5:148,116","1/2:268,159","3/4:341,237","1/2:105,61",1/1:692,"3/4:222,162","1/2:126,60","1/2:172,108","3/5:224,112","1/2:555,351",1/1:356
Aperc_c16_8,1(0.54);2(0.10);3(0.10);4(0.10);5(0.08);6(0.08);,"1/2:97,81","5/1:110,80","1/3:49,38","1/6:80,58","1/4:244,222","5/1:200,169","1/4:396,395","5/1:152,110","1/6:172,158","3/1:131,110",1/1:803,"1/4:195,180","5/1:673,546","1/6:165,128","1/2:133,92","1/2:151,115","1/5:156,150","1/6:722,534","1/3:260,241","1/4:131,109","1/2:206,145","1/3:128,122","1/3:315,313","1/4:174,170","1/6:151,98",1/1:200,"1/2:182,139","3/1:143,120","1/4:64,61","1/2:201,131","3/1:83,77","1/2:84,62",1/1:188,"1/6:109,87","5/1:316,258","4/1:82,76"
Aperc_c16_11,1(0.64);2(0.17);3(0.10);4(0.10);,1/1:517,"1/2:221,93","1/3:110,38","1/2:251,116","1/4:828,267","1/2:529,179","1/4:1328,430","1/2:373,159","1/3:570,315","1/3:414,208",1/1:2427,"1/4:594,234","1/2:1941,805","1/3:474,216",1/1:603,1/1:823,"1/2:413,156","1/2:2046,790","1/3:795,419","1/4:381,141",1/1:1325,"1/3:483,239","1/2:1198,460","1/4:607,244","1/2:477,197",1/1:760,1/1:977,"1/3:429,188","1/4:218,89",1/1:1209,"1/2:275,136",1/1:468,1/1:597,"1/2:304,126","1/2:883,435","1/4:197,67"
Aperc_c16_44,1(0.36);2(0.25);3(0.14);4(0.11);5(0.08);6(0.06);,1/1:662,"2/3:234,219","2/1:257,246","1/2:292,216","4/5:600,447","2/3:687,620","1/5:877,569","3/2:275,265","6/1:397,366","1/2:392,324","2/3:700,614","1/5:423,266","2/3:1201,1178","1/2:443,408",1/1:590,"1/4:353,260","2/3:297,285","1/2:2059,1751","6/1:627,557","1/5:270,168","1/4:481,379","1/2:453,439","2/3:1303,1272","1/4:322,267","6/1:415,376","2/3:114,113","1/4:339,239","6/1:379,312","4/5:110,83",1/1:938,"1/2:201,186","1/4:143,136","3/2:226,216","1/2:384,371","2/3:795,667","4/5:301,199"
Aperc_c16_25,1(0.67);2(0.33);,1/1:241,"1/2:120,82","1/2:105,93","1/2:86,59","1/2:256,165","1/2:295,197","1/2:396,245","1/2:148,77","1/2:190,128","1/2:135,91",1/1:948,"1/2:168,103","1/2:702,393","1/2:181,123",1/1:264,1/1:316,1/1:294,"1/2:687,402","1/2:294,189","1/2:128,73",1/1:495,"1/2:137,90","1/2:326,171",1/1:355,"1/2:144,78",1/1:231,1/1:325,"1/2:142,70","1/2:82,56",1/1:395,"1/2:106,67",1/1:144,1/1:232,"1/2:121,96","1/2:344,188","1/2:133,87"
Aperc_c17_16,,./.:0,./.:0,./.:0,./.:0,./.:0,./.:0,./.:0,./.:0,./.:0,./.:0,./.:0,./.:0,./.:0,./.:0,./.:0,./.:0,./.:0,./.:0,./.:0,./.:0,./.:0,./.:0,./.:0,./.:0,./.:0,./.:0,./.:0,./.:0,./.:0,./.:0,./.:0,./.:0,./.:0,./.:0,./.:0,./.:0
Aperc_c17_35,1(0.49);2(0.35);3(0.10);4(0.07);,"1/2:335,194","1/3:308,175","2/4:123,80","1/3:243,162","1/2:887,437","1/2:784,453","1/2:934,510",1/1:521,"3/4:291,155","1/2:421,199",1/1:1703,"1/2:402,239","1/3:1675,1126","2/4:264,184","1/2:290,156","1/2:411,203",1/1:784,"1/3:2212,1462","1/2:645,428","1/2:282,167","1/2:647,342","1/2:495,224","1/2:1703,945","1/2:370,237","2/4:271,177","1/2:150,95","1/2:292,172","1/2:385,197","1/2:150,99","1/2:612,266","1/2:200,104","1/2:208,83",1/1:529,"3/4:235,145","1/3:815,567","1/2:368,211"
Aperc_c17_28,1(0.25);2(0.18);3(0.17);4(0.12);5(0.10);6(0.10);8(0.04);7(0.04);,"3/1:145,101","8/2:185,80","5/1:85,81","1/2:73,61","3/1:355,238","7/6:218,145","1/4:436,277","2/6:108,75","5/1:273,178","5/2:162,122","2/6:404,330","3/4:227,132","8/2:1087,542","5/1:205,160","1/4:97,79",3/3:434,"2/6:140,123","1/2:681,567","1/2:281,208","1/4:127,55","3/4:324,123","5/2:210,144","7/6:317,256","3/4:262,127","1/5:165,156","7/6:90,73","3/4:240,84","5/1:223,191",3/3:214,3/3:593,"1/2:112,69","1/4:77,38","2/6:87,83",1/1:251,"8/2:505,255","1/4:78,56"
Aperc_c17_8,1(0.78);2(0.16);3(0.01);4(0.01);5(0.01);6(0.01);,2/2:206,1/1:253,1/1:96,1/1:293,"1/2:8,2","3/1:1,1",2/2:1160,1/1:27,1/1:709,1/1:467,"4/5:1,1",1/1:637,1/1:2395,1/1:569,1/1:371,"1/2:456,326",1/1:11,1/1:2566,1/1:1005,./.:0,1/1:731,1/1:597,1/1:9,1/1:649,1/1:526,1/1:1,1/1:599,1/1:583,"1/2:217,137","1/2:620,384",1/1:323,./.:0,"6/2:1,1",1/1:378,1/1:1114,2/2:130
Aperc_c17_39,1(0.64);2(0.19);5(0.07);3(0.06);4(0.04);,"2/4:23,12","2/5:25,8",1/1:41,1/1:146,"2/5:76,25","2/5:47,21","2/4:89,40","2/3:36,18",1/1:228,1/1:213,"2/5:75,30",1/1:237,1/1:848,1/1:234,1/1:164,1/1:239,"2/5:29,14",1/1:1121,1/1:335,"2/3:26,8",1/1:311,1/1:247,1/1:815,1/1:208,1/1:202,"2/4:11,4",1/1:212,1/1:164,1/1:75,1/1:301,1/1:116,2/2:25,"2/3:32,13",1/1:174,1/1:458,"2/3:19,12"
