replicate_ID,housing_tank_ID,fish_type2,clutch_ID,fish_ID,R1,R2,R3,R4,R5,R6,R7,R8,R9,R10,R_avg_initial,G1,G2,G3,G4,G5,G6,G7,G8,G9,G10,G_avg_initial,B1,B2,B3,B4,B5,B6,B7,B8,B9,B10,B_avg_initial,R1,R2,R3,R4,R5,R6,R7,R8,R9,R10,R_avg_final,G1,G2,G3,G4,G5,G6,G7,G8,G9,G10,G_avg_final,B1,B2,B3,B4,B5,B6,B7,B8,B9,B10,B_avg_final,R_initial,G_inital,B_initial,initial_hue,R_final,G_final,B_final,final_hue,initial_Luminosity,initial_saturation,final_Luminosity,final_saturation,hue_initial_difference,hue_final_difference,saturation_initial_difference,saturation_final_difference,hue_initial_ratio,hue_final_ratio,saturation_initial_ratio,saturation_final_ratio,change_R,change_G,change_B
1,D33,P1,L3,L3_5,101,111,106,137,156,130,99,130,141,164,127.5,69,81,76,107,129,88,69,98,105,136,95.8,38,45,41,62,74,38,37,49,53,71,50.8,169,177,178,184,194,199,197,199,187,206,189,77,76,70,77,94,78,76,72,71,88,77.9,18,15,13,15,22,13,12,11,11,10,14,0.50,0.38,0.20,35.20,0.74,0.31,0.05,21.91,0.350,43.017,0.398,86.207,3.34,9.36,16.350,11.267,1.095,1.427,1.380,1.131,0.24,-0.07,-0.14
1,D33,P2,L2,L2_4,139,133,150,143,156,161,180,180,152,167,156.1,111,101,113,104,117,120,121,126,109,123,114.5,55,49,50,43,40,35,26,23,40,37,39.8,149,160,171,182,199,175,189,177,186,210,179.8,67,75,79,97,100,91,111,98,103,127,94.8,2,1,1,2,4,2,1,3,2,5,2.3,0.61,0.45,0.16,38.54,0.71,0.37,0.01,31.27,0.384,59.367,0.357,97.474,NA,NA,NA,NA,NA,NA,NA,NA,0.09,-0.08,-0.15
1,D21,S,L6,L6_1,150,135,169,164,180,156,177,174,187,172,166.4,111,96,124,119,139,111,124,124,144,128,122,44,41,49,42,54,36,33,36,55,40,43,197,196,204,220,228,245,242,231,236,208,220.7,65,69,72,83,90,127,111,98,107,84,90.6,2,2,1,2,2,4,4,3,4,2,2.6,0.65,0.48,0.17,38.41,0.87,0.36,0.01,24.21,0.411,58.930,0.438,97.671,NA,NA,NA,NA,NA,NA,NA,NA,0.21,-0.12,-0.16
2,C34,P1,L6,L6_8,137,136,145,143,173,183,176,172,148,176,158.9,86,81,91,91,119,137,117,101,94,109,102.6,29,29,30,30,38,49,37,21,35,25,32.3,194,199,206,213,216,242,231,243,230,252,222.6,73,71,74,76,84,99,91,107,98,121,89.4,13,11,12,10,10,9,8,8,11,9,10.1,0.62,0.40,0.13,33.32,0.87,0.35,0.04,22.39,0.375,66.213,0.456,91.319,6.70,2.57,-16.340,-3.583,1.201,1.115,0.753,0.961,0.25,-0.05,-0.09
2,C34,P2,L3,L3_10,177,159,179,184,182,207,178,181,158,168,177.3,124,112,131,140,152,187,145,145,113,131,138,26,44,33,46,66,117,71,78,50,62,59.3,201,218,221,209,242,220,233,238,244,255,228.1,72,83,83,77,109,93,124,116,118,161,103.6,8,9,10,9,10,13,22,15,16,37,14.9,0.70,0.54,0.23,40.02,0.89,0.41,0.06,24.96,0.464,49.873,0.476,87.737,NA,NA,NA,NA,NA,NA,NA,NA,0.20,-0.13,-0.17
2,C15,S,L2,L2_2,212,209,183,188,176,207,174,201,217,231,199.8,136,121,154,147,177,190,173,155,146,127,152.6,37,64,78,76,105,142,121,94,86,74,87.7,225,215,242,250,255,223,219,241,240,255,236.5,126,101,133,127,144,88,91,94,101,127,113.2,16,7,16,9,15,6,7,7,7,10,10,0.78,0.60,0.34,34.74,0.93,0.44,0.04,27.34,0.564,50.382,0.483,91.886,NA,NA,NA,NA,NA,NA,NA,NA,0.14,-0.15,-0.30
3,D23,P1,L2,L2_3,127,166,166,147,185,196,185,155,152,158,163.7,93,132,129,107,155,162,145,110,109,106,124.8,51,77,67,57,96,93,76,50,48,42,65.7,169,193,186,223,226,255,255,255,242,255,225.9,87,81,83,101,123,134,126,123,110,138,110.6,23,14,13,11,27,7,6,5,8,14,12.8,0.64,0.49,0.26,36.18,0.89,0.43,0.05,27.54,0.450,42.720,0.468,89.275,-2.19,-2.24,8.436,6.799,0.940,0.918,1.197,1.076,0.24,-0.06,-0.21
3,D23,P2,L6,L6_10,88,90,96,102,106,146,149,161,185,152,127.5,60,60,63,70,76,101,108,119,132,112,90.1,36,32,32,38,35,43,46,49,48,53,41.2,151,174,175,187,198,243,225,249,219,227,204.8,64,63,68,70,77,121,94,122,99,109,88.7,9,4,5,4,4,5,2,2,3,3,4.1,0.50,0.35,0.16,34.00,0.80,0.35,0.02,25.29,0.331,51.156,0.410,96.075,2.91,NA,NA,NA,NA,NA,NA,NA,0.30,-0.01,-0.15
3,D12,S,L3,L3_1,161,142,166,193,169,144,170,192,178,176,169.1,109,93,119,157,113,99,121,146,130,118,120.5,43,40,43,76,31,37,36,44,51,27,42.8,239,217,237,237,247,236,229,216,206,202,226.6,119,84,96,96,111,87,77,74,67,67,87.8,22,12,12,12,20,11,10,11,10,12,13.2,0.66,0.47,0.17,36.91,0.89,0.34,0.05,20.97,0.415,59.604,0.470,88.991,-7.99,NA,NA,NA,NA,NA,NA,NA,0.23,-0.13,-0.12
4,C24,P1,L6,L6_9,146,131,138,147,177,177,156,161,139,151,152.3,75,67,73,78,104,117,87,93,72,91,85.7,14,20,19,20,22,40,22,29,20,31,23.7,221,206,227,225,245,249,248,231,238,209,229.9,90,77,85,84,105,104,97,88,96,78,90.4,14,12,11,11,13,10,9,10,10,10,11,0.60,0.34,0.09,28.93,0.90,0.35,0.04,21.76,0.345,73.068,0.472,90.868,0.54,5.40,-10.006,5.634,1.019,1.248,0.863,1.062,0.30,0.02,-0.05
4,C24,P2,L3,L3_7,136,101,137,145,168,184,124,145,104,151,139.5,86,61,80,91,111,119,70,87,56,85,84.6,40,32,32,32,39,34,27,29,27,24,31.6,176,172,183,188,202,223,225,217,220,216,202.2,84,63,70,75,89,112,115,104,114,109,93.5,5,3,4,5,5,3,3,4,2,2,3.6,0.55,0.33,0.12,29.47,0.79,0.37,0.01,27.16,0.335,63.063,0.404,96.501,5.90,NA,NA,NA,NA,NA,NA,NA,0.25,0.03,-0.11
4,C11,S,L2,L2_8,141,147,149,173,157,163,195,175,187,197,168.4,94,107,108,130,111,111,131,126,137,152,120.7,39,51,51,62,52,46,38,53,62,68,52.2,198,204,211,222,235,255,255,255,253,247,233.5,74,75,76,81,97,124,112,127,116,112,99.4,10,9,9,9,11,9,9,11,10,11,9.8,0.66,0.47,0.20,35.37,0.92,0.39,0.04,24.03,0.433,52.675,0.477,91.944,-2.16,NA,NA,NA,NA,NA,NA,NA,0.26,-0.08,-0.17
5,A31,P1,L6,L6_2_1,164,189,183,206,225,227,208,195,184,195,197.6,89,119,107,127,162,146,121,115,105,108,119.9,27,30,22,25,45,25,11,20,17,14,23.6,210,209,219,222,234,238,245,229,235,222,226.3,72,67,70,70,83,88,91,81,90,80,79.2,10,10,11,10,11,11,11,11,11,10,10.6,0.77,0.47,0.09,33.21,0.89,0.31,0.04,19.08,0.434,78.662,0.465,91.051,4.40,4.37,-15.830,-1.448,1.132,1.229,0.799,0.984,0.11,-0.16,-0.05
5,A31,P2,L2,L2_9,100,111,136,147,167,189,154,172,173,123,147.2,77,80,105,106,131,139,108,111,107,84,104.8,34,33,33,37,42,35,37,28,23,34,33.6,217,188,210,214,241,216,204,181,173,162,200.6,109,82,102,101,126,84,81,61,55,50,85.1,16,15,13,14,19,5,9,6,7,6,11,0.58,0.41,0.13,37.61,0.79,0.33,0.04,23.45,0.355,62.832,0.415,89.603,-2.01,NA,NA,NA,NA,NA,NA,NA,0.21,-0.08,-0.09
5,A33,S,L3,L3_2,129,126,145,154,160,156,151,147,129,140,143.7,88,85,100,116,135,115,98,101,80,89,100.7,37,33,38,48,69,45,26,34,26,24,38,188,180,192,204,212,219,212,204,199,190,200,94,75,82,84,91,90,87,81,84,77,84.5,11,6,3,4,6,5,2,3,4,6,5,0.56,0.39,0.15,35.59,0.78,0.33,0.02,24.46,0.356,58.173,0.402,95.122,-5.29,NA,NA,NA,NA,NA,NA,NA,0.22,-0.06,-0.13
6,B25,P1,L3,L3_9,145,108,159,122,142,145,127,125,114,150,133.7,94,69,99,74,96,91,78,78,68,89,83.6,41,34,37,31,38,28,27,34,30,25,32.5,197,206,211,217,224,255,255,255,255,255,233,81,83,82,85,99,123,142,130,134,148,110.7,20,18,15,14,21,17,9,14,14,16,15.8,0.52,0.33,0.13,30.30,0.91,0.43,0.06,26.22,0.326,60.890,0.488,87.299,8.69,0.33,-9.812,-1.985,1.287,1.012,0.839,0.977,0.39,0.11,-0.07
6,B25,P2,L2,L2_5,146,116,133,162,188,185,166,159,127,159,154.1,116,82,102,126,153,144,134,118,92,109,117.6,60,37,52,64,75,51,58,45,34,23,49.9,209,180,202,207,233,216,221,212,197,205,208.2,89,71,87,86,108,124,112,119,104,113,101.3,1,3,6,4,8,35,18,38,23,29,16.5,0.60,0.46,0.20,38.98,0.82,0.40,0.06,26.54,0.400,51.078,0.441,85.314,-8.33,NA,NA,NA,NA,NA,NA,NA,0.21,-0.06,-0.13
6,B13,S,L6,L6_7,143,124,164,164,187,137,178,180,160,174,161.1,89,68,97,99,124,76,103,100,93,105,95.4,25,23,27,31,39,24,24,21,26,28,26.8,197,215,221,239,251,244,255,255,255,255,238.7,74,86,93,99,111,98,114,116,112,130,103.3,17,19,23,17,23,12,11,11,13,17,16.3,0.63,0.37,0.11,30.65,0.94,0.41,0.06,23.47,0.368,71.474,0.500,87.216,-0.57,NA,NA,NA,NA,NA,NA,NA,0.30,0.03,-0.04
7,C31,P1,L6,L6_4,143,121,142,142,170,182,178,154,149,126,150.7,79,65,80,76,109,124,108,92,87,71,89.1,23,22,23,23,33,37,28,29,27,27,27.2,254,241,251,254,255,244,254,255,255,253,251.6,83,71,72,75,78,80,91,85,88,90,81.3,9,9,11,10,9,13,13,10,12,13,10.9,0.59,0.35,0.11,30.07,0.99,0.32,0.04,17.55,0.349,69.421,0.515,97.253,1.11,5.47,-3.550,-5.833,1.037,1.312,0.949,0.940,0.40,-0.03,-0.06
7,C31,P2,L2,L2_7,137,130,146,164,173,183,158,168,194,180,163.3,87,78,87,102,112,107,94,102,128,113,101,36,32,30,35,38,27,30,30,44,34,33.6,230,201,235,223,244,224,213,202,203,189,216.4,125,80,111,92,114,91,75,70,69,63,89,27,7,14,7,14,6,5,6,5,6,9.7,0.64,0.40,0.13,31.18,0.85,0.35,0.04,23.02,0.386,65.871,0.443,91.420,-0.31,NA,NA,NA,NA,NA,NA,NA,0.21,-0.05,-0.09
7,C35,S,L3,L3_3,153,141,172,167,190,190,185,156,169,140,166.3,102,83,113,103,129,120,106,88,89,78,101.1,43,32,40,31,52,32,18,28,15,29,32,178,189,198,214,227,181,183,198,214,235,201.7,53,79,79,84,95,82,97,85,95,128,87.7,2,20,13,8,11,19,27,13,14,31,15.8,0.65,0.40,0.13,30.87,0.79,0.34,0.06,23.21,0.389,67.726,0.426,85.471,4.59,NA,NA,NA,NA,NA,NA,NA,0.14,-0.05,-0.06
8,A14,P1,L2,L2_6,149,134,152,140,182,188,201,156,176,130,160.8,102,88,104,95,134,132,126,104,112,85,108.2,31,34,32,32,47,39,23,33,23,28,32.2,NA,NA,NA,NA,NA,NA,NA,NA,NA,NA,NA,NA,NA,NA,NA,NA,NA,NA,NA,NA,NA,NA,NA,NA,NA,NA,NA,NA,NA,NA,NA,NA,NA,0.63,0.42,0.13,35.46,NA,NA,NA,NA,0.378,66.632,NA,NA,-2.62,NA,NA,NA,NA,NA,NA,NA,NA,NA,NA
8,A14,P2,L3,L3_8,170,147,177,165,211,215,188,175,144,162,175.4,112,89,118,104,155,149,123,114,84,98,114.6,48,35,43,36,68,43,36,39,34,29,41.1,NA,NA,NA,NA,NA,NA,NA,NA,NA,NA,NA,NA,NA,NA,NA,NA,NA,NA,NA,NA,NA,NA,NA,NA,NA,NA,NA,NA,NA,NA,NA,NA,NA,0.69,0.45,0.16,32.84,NA,NA,NA,NA,0.425,62.032,NA,NA,-3.32,NA,NA,NA,NA,NA,NA,NA,NA,NA,NA
8,A21,S,L6,L6_6,161,156,175,174,197,193,197,176,190,165,178.4,90,80,96,97,121,115,103,97,105,89,99.3,28,19,24,19,27,25,16,22,21,26,22.7,208,201,214,225,224,174,180,191,215,222,205.4,68,87,81,98,86,64,74,68,91,99,81.6,11,24,12,20,11,12,19,10,19,26,16.4,0.70,0.39,0.09,29.52,0.81,0.32,0.06,20.70,0.394,77.424,0.435,85.212,5.67,NA,NA,NA,NA,NA,NA,NA,0.11,-0.07,-0.02
9,B24,P1,L2,L2_1,181,123,172,167,185,188,169,130,147,116,157.8,105,78,113,114,132,152,126,89,94,75,107.8,21,29,26,36,44,68,46,36,31,32,36.9,163,191,186,184,224,222,208,211,212,233,203.4,62,110,89,75,124,95,84,84,82,108,91.3,12,24,15,9,26,4,5,4,4,17,12,0.62,0.42,0.14,35.19,0.80,0.36,0.05,24.86,0.382,62.096,0.422,88.858,3.01,NA,NA,NA,NA,NA,NA,NA,0.18,-0.06,-0.10
9,B24,P2,L3,L3_4,138,128,152,150,166,133,167,153,150,171,150.8,105,95,117,116,132,95,113,115,109,128,112.5,42,39,46,52,62,37,31,46,42,57,45.4,NA,NA,NA,NA,NA,NA,NA,NA,NA,NA,NA,NA,NA,NA,NA,NA,NA,NA,NA,NA,NA,NA,NA,NA,NA,NA,NA,NA,NA,NA,NA,NA,NA,0.59,0.44,0.18,38.20,NA,NA,NA,NA,0.385,53.721,NA,NA,-9.32,NA,NA,NA,NA,NA,NA,NA,NA,NA,NA
9,B11,S,L6,L6_5,139,153,149,168,185,182,160,178,171,208,169.3,71,88,76,92,114,98,85,99,94,126,94.3,22,31,21,24,35,19,24,22,22,27,24.7,170,195,189,198,205,248,236,252,229,237,215.9,64,85,72,74,103,111,102,106,97,106,92,9,14,10,8,17,7,7,7,8,7,9.4,0.66,0.37,0.10,28.88,0.85,0.36,0.04,24.00,0.380,74.536,0.442,91.656,1.18,NA,NA,NA,NA,NA,NA,NA,0.18,-0.01,-0.06
10,D31,P1,L6,L6_3,146,141,150,153,195,190,195,170,196,151,168.7,85,78,82,83,123,114,109,93,108,84,95.9,24,23,21,20,34,26,19,23,16,22,22.8,221,231,223,228,240,249,236,252,235,252,236.7,92,104,80,82,100,108,92,107,92,111,96.8,20,31,9,8,10,10,9,11,10,10,12.8,0.66,0.38,0.09,30.06,0.93,0.38,0.05,22.51,0.375,76.188,0.489,89.739,7.51,6.15,-11.148,-3.635,1.250,1.273,0.854,0.959,0.27,0.00,-0.04
10,D31,P2,L3,L3_6,141,149,155,172,194,230,214,216,178,211,186,87,94,106,121,153,178,154,154,123,142,131.2,30,33,34,40,58,57,39,41,33,29,39.4,184,174,185,205,251,253,233,247,219,232,218.3,75,66,73,88,140,152,122,165,114,133,112.8,3,5,4,7,16,29,16,44,16,23,16.3,0.73,0.51,0.15,37.57,0.86,0.44,0.06,28.66,0.442,65.040,0.460,86.104,-1.65,NA,NA,NA,NA,NA,NA,NA,0.13,-0.07,-0.09
10,D14,S,L2,L2_10,177,169,179,186,185,177,187,197,200,200,185.7,127,112,122,128,132,119,131,136,135,127,126.9,49,40,42,46,45,40,42,37,31,20,39.2,194,187,203,221,241,255,253,255,243,254,230.6,98,69,96,97,135,139,129,149,117,137,116.6,19,8,12,8,24,10,6,7,7,5,10.6,0.73,0.50,0.15,35.92,0.90,0.46,0.04,28.91,0.441,65.140,0.473,91.211,-4.33,NA,NA,NA,NA,NA,NA,NA,0.18,-0.04,-0.11
11,A25,P1,L2,L2_16,170,140,158,128,146,126,124,123,138,152,140.5,116,84,97,73,87,74,67,71,79,95,84.3,35,25,26,20,21,24,12,19,15,21,21.8,201,206,217,223,237,246,234,232,221,233,225,67,66,71,74,88,90,83,87,78,98,80.2,11,12,10,12,12,12,13,14,12,13,12.1,0.55,0.33,0.09,31.59,0.88,0.31,0.05,19.19,0.318,73.136,0.465,89.793,0.10,-0.16,-7.850,-1.067,1.003,0.991,0.893,0.988,0.33,-0.02,-0.04
11,A25,P2,L6,L6_13,132,123,150,136,150,160,152,140,164,150,145.7,92,76,97,79,96,104,94,86,98,92,91.4,43,34,32,26,32,31,26,27,25,30,30.6,198,183,206,193,208,212,224,212,220,203,205.9,72,61,71,64,72,87,83,73,85,69,73.7,13,14,13,13,12,16,10,10,10,12,12.3,0.57,0.36,0.12,31.69,0.81,0.29,0.05,19.03,0.346,65.286,0.428,88.726,6.75,NA,NA,NA,NA,NA,NA,NA,0.24,-0.07,-0.07
11,A15,S,L3,L3_20,132,123,126,141,147,132,185,140,146,154,142.6,103,90,95,106,117,94,118,102,96,116,103.7,40,39,42,43,41,37,16,31,20,34,34.3,175,186,191,204,218,214,203,207,186,194,197.8,93,95,96,110,107,108,99,101,89,97,99.5,13,13,12,11,7,7,8,5,11,12,9.9,0.56,0.41,0.13,38.45,0.78,0.39,0.04,28.61,0.347,61.221,0.407,90.467,-2.42,NA,NA,NA,NA,NA,NA,NA,0.22,-0.02,-0.10
12,A35,P1,L3,L3_16,126,106,129,113,134,136,149,110,134,120,125.7,94,77,97,84,112,100,91,81,89,82,90.7,44,39,47,39,63,37,18,35,25,34,38.1,157,175,164,173,179,214,198,220,192,222,189.4,62,73,66,78,82,106,100,107,91,105,87,4,3,4,5,8,9,9,2,4,2,5,0.49,0.36,0.15,36.03,0.74,0.34,0.02,26.68,0.321,53.480,0.381,94.856,2.11,-1.65,-5.154,-1.098,1.059,0.938,0.904,0.988,0.25,-0.01,-0.13
12,A35,P2,L2,L2_18,182,148,199,187,200,206,168,179,168,157,179.4,144,106,161,153,164,168,127,125,109,111,136.8,78,49,82,81,89,79,56,40,28,43,62.5,138,138,144,146,166,162,151,157,147,172,152.1,68,54,62,62,78,66,65,71,59,78,66.3,10,5,6,6,6,2,5,4,3,2,4.9,0.70,0.54,0.25,38.14,0.60,0.26,0.02,25.03,0.474,48.326,0.308,93.758,-5.69,NA,NA,NA,NA,NA,NA,NA,-0.11,-0.28,-0.23
12,A24,S,L6,L6_17,182,148,169,149,156,144,154,136,139,130,150.7,110,93,99,90,100,93,89,79,85,78,91.6,15,30,11,21,22,29,19,22,25,26,22,171,180,182,187,184,233,225,250,225,255,209.2,57,59,58,59,60,86,81,98,86,109,75.3,12,10,9,9,9,11,10,12,12,13,10.7,0.59,0.36,0.09,32.45,0.82,0.30,0.04,19.53,0.339,74.522,0.431,90.268,-0.30,NA,NA,NA,NA,NA,NA,NA,0.23,-0.06,-0.04
13,B33,P1,L2,L2_11,192,147,178,174,198,182,160,165,138,141,167.5,115,87,106,109,136,129,104,106,82,92,106.6,28,32,26,32,44,54,35,39,31,42,36.3,225,222,224,229,248,213,207,219,240,252,227.9,89,104,85,94,113,107,93,98,120,140,104.3,7,25,7,7,8,19,13,10,14,9,11.9,0.66,0.42,0.14,32.15,0.89,0.41,0.05,25.67,0.400,64.377,0.470,90.075,0.51,-2.92,-1.161,2.543,1.016,0.886,0.982,1.028,0.24,-0.01,-0.10
13,B33,P2,L3,L3_15,119,121,132,126,129,148,151,134,144,136,134,85,76,89,76,92,96,92,89,90,82,86.7,31,43,28,41,30,22,30,24,24,29,30.2,172,155,167,178,182,203,187,222,218,247,193.1,85,55,62,66,82,76,67,87,87,111,77.8,20,5,6,6,13,3,4,5,5,7,7.4,0.53,0.34,0.12,32.66,0.76,0.31,0.03,22.75,0.322,63.216,0.393,92.618,0.66,NA,NA,NA,NA,NA,NA,NA,0.23,-0.03,-0.09
13,B31,S,L6,L6_12,192,142,180,186,208,202,189,181,156,143,177.9,132,84,113,118,149,151,118,102,89,87,114.3,49,32,35,33,49,43,30,22,25,31,34.9,234,208,235,238,252,229,222,216,200,207,224.1,110,84,102,97,116,83,81,75,73,74,89.5,24,16,15,13,16,12,12,13,12,12,14.5,0.70,0.45,0.14,33.31,0.88,0.35,0.06,21.47,0.417,67.199,0.468,87.846,1.99,NA,NA,NA,NA,NA,NA,NA,0.18,-0.10,-0.08
14,B32,P1,L3,L3_11,179,161,185,184,220,221,202,197,167,168,188.4,141,114,141,137,180,160,151,121,117,101,136.3,80,63,72,64,107,60,67,29,47,29,61.8,168,188,190,197,190,218,207,206,190,217,197.1,63,69,68,71,75,79,78,79,71,92,74.5,21,19,18,19,22,16,19,19,19,19,19.1,0.74,0.53,0.24,35.31,0.77,0.29,0.07,18.67,0.491,50.600,0.424,82.331,-3.14,-0.80,11.140,5.674,0.911,0.957,1.220,1.069,0.03,-0.24,-0.17
14,B32,P2,L6,L6_20,148,137,150,148,147,152,153,154,144,155,148.8,100,85,99,96,107,104,100,87,88,95,96.1,41,36,38,39,49,34,35,22,32,26,35.2,191,196,204,199,198,215,205,221,204,236,206.9,64,63,64,66,66,72,67,83,70,94,70.9,14,13,14,14,13,13,11,14,13,13,13.2,0.58,0.38,0.14,32.17,0.81,0.28,0.05,17.87,0.361,61.739,0.432,88.005,-0.72,NA,NA,NA,NA,NA,NA,NA,0.23,-0.10,-0.09
14,B23,S,L2,L2_13,180,148,176,143,177,114,130,117,148,159,149.2,124,93,117,93,116,64,69,68,88,99,93.1,43,35,43,34,38,26,19,24,26,25,31.3,168,163,175,179,183,174,166,172,155,171,170.6,70,53,70,70,72,61,60,77,56,77,66.6,1,4,4,3,3,3,4,3,2,,3,0.59,0.37,0.12,31.45,0.67,0.26,0.01,22.77,0.354,65.319,0.340,96.544,0.51,NA,NA,NA,NA,NA,NA,NA,0.08,-0.10,-0.11
15,C32,P1,L6,L6_18,162,142,150,153,157,152,136,142,148,155,149.7,107,84,88,97,113,84,82,91,93,100,93.9,34,29,29,33,49,18,25,26,30,30,30.3,214,196,203,194,203,193,202,198,190,192,198.5,89,74,79,70,76,77,75,75,68,76,75.9,7,11,8,10,11,13,9,7,9,13,9.8,0.59,0.37,0.12,31.96,0.78,0.30,0.04,21.02,0.353,66.333,0.408,90.590,7.30,3.87,6.160,0.531,1.228,1.184,1.093,1.006,0.19,-0.07,-0.08
15,C32,P2,L2,L2_20,252,179,232,193,238,213,191,174,163,178,201.3,170,123,160,134,184,171,138,117,110,121,142.8,15,33,24,28,41,52,33,29,33,33,32.1,180,171,186,201,214,229,221,228,199,216,204.5,75,64,75,79,83,104,101,115,87,121,90.4,6,7,6,7,8,10,10,13,10,18,9.5,0.79,0.56,0.13,39.26,0.80,0.35,0.04,24.89,0.458,72.494,0.420,91.121,-7.36,NA,NA,NA,NA,NA,NA,NA,0.01,-0.21,-0.09
15,C22,S,L3,L3_19,220,173,192,171,193,141,145,142,164,192,173.3,166,115,137,119,151,87,86,93,104,140,119.8,93,61,70,62,88,40,31,43,34,69,59.1,163,175,177,189,203,242,214,221,199,230,201.3,62,68,70,73,88,109,85,95,73,105,82.8,4,8,3,3,4,3,3,3,2,2,3.5,0.68,0.47,0.23,31.89,0.79,0.32,0.01,24.05,0.456,49.139,0.402,96.582,-0.65,NA,NA,NA,NA,NA,NA,NA,0.11,-0.15,-0.22
16,D13,P1,L6,L6_19,127,130,144,151,160,175,160,177,160,191,157.5,84,77,84,91,104,105,95,106,98,117,96.1,37,30,28,30,36,26,25,26,32,24,29.4,221,228,237,231,232,226,243,243,236,255,235.2,73,85,79,76,87,81,91,90,79,111,85.2,11,19,11,10,12,14,11,11,11,15,12.5,0.62,0.38,0.12,31.24,0.92,0.33,0.05,19.59,0.366,68.539,0.486,89.907,3.90,-1.63,-7.371,4.205,1.125,0.917,0.892,1.047,0.30,-0.04,-0.07
16,D13,P2,L2,L2_15,128,150,170,198,214,235,209,211,157,204,187.6,77,105,114,146,167,164,145,141,98,129,128.6,29,45,42,56,81,42,53,40,35,29,45.2,201,173,198,180,188,199,188,203,179,203,191.2,79,52,75,52,58,59,50,66,52,70,61.3,12,5,10,4,6,4,3,5,4,5,5.8,0.74,0.50,0.18,35.14,0.75,0.24,0.02,17.96,0.456,61.168,0.386,94.112,12.73,NA,NA,NA,NA,NA,NA,NA,0.01,-0.26,-0.15
16,D15,S,L3,L3_14,176,138,186,167,169,109,126,125,153,177,152.6,136,116,172,152,137,95,112,112,145,175,135.2,27,55,76,76,37,59,64,67,87,117,66.5,201,220,241,239,252,183,189,201,218,228,217.2,103,100,101,120,128,90,113,104,116,146,112.1,9,11,9,18,13,15,25,17,17,34,16.8,0.60,0.53,0.26,47.87,0.85,0.44,0.07,28.53,0.430,39.297,0.459,85.641,-16.65,NA,NA,NA,NA,NA,NA,NA,0.25,-0.09,-0.19
17,D24,P1,L3,L3_18,221,176,208,184,192,124,127,125,137,147,164.1,133,110,139,119,125,74,75,76,82,98,103.1,27,40,39,44,40,34,35,33,33,44,36.9,229,189,215,218,226,220,197,196,189,188,206.7,103,70,78,80,82,87,74,81,71,83,80.9,10,13,8,11,12,15,12,16,13,17,12.7,0.64,0.40,0.14,31.23,0.81,0.32,0.05,21.09,0.394,63.284,0.430,88.423,-2.21,1.04,1.710,3.236,0.929,1.049,1.027,1.037,0.17,-0.09,-0.09
17,D24,P2,L2,L2_14,160,126,134,128,149,113,117,113,139,136,131.5,110,76,82,76,97,61,62,63,70,83,78,45,31,32,24,33,26,22,23,17,26,27.9,200,199,215,206,238,237,221,228,203,213,216,79,71,81,74,98,99,85,96,79,94,85.6,9,8,9,8,10,10,9,11,10,10,9.4,0.52,0.31,0.11,29.02,0.85,0.34,0.04,22.13,0.313,64.994,0.442,91.659,-0.61,NA,NA,NA,NA,NA,NA,NA,0.33,0.03,-0.07
17,D22,S,L6,L6_15,152,130,159,146,174,172,160,133,145,118,148.9,92,70,94,78,107,103,87,69,72,62,83.4,36,22,27,22,31,27,22,19,17,22,24.5,194,159,193,191,211,189,157,194,191,216,189.5,79,55,73,72,91,71,53,69,67,88,71.8,13,9,10,11,12,6,8,7,9,11,9.6,0.58,0.33,0.10,28.41,0.74,0.28,0.04,20.74,0.340,71.742,0.390,90.357,8.62,NA,NA,NA,NA,NA,NA,NA,0.16,-0.05,-0.06
18,C23,NA,L3,L3_17,134,97,105,140,158,177,121,162,145,153,139.2,115,77,80,125,137,141,101,107,94,134,111.1,82,54,53,94,90,62,67,29,28,99,65.8,157,158,189,186,217,210,191,177,155,156,179.6,56,58,71,76,98,111,90,79,64,73,77.6,2,2,4,4,7,21,12,12,7,11,8.2,0.55,0.44,0.26,37.03,0.70,0.30,0.03,24.29,0.402,35.805,0.368,91.267,-4.86,NA,NA,NA,NA,NA,NA,NA,0.16,-0.13,-0.23
18,C23,PS,L2,L2_19,169,116,124,132,133,106,135,121,108,117,126.1,130,80,86,100,96,67,78,80,71,75,86.3,77,43,44,54,50,32,21,25,32,25,40.3,NA,NA,NA,NA,NA,NA,NA,NA,NA,NA,NA,NA,NA,NA,NA,NA,NA,NA,NA,NA,NA,NA,NA,NA,NA,NA,NA,NA,NA,NA,NA,NA,NA,0.49,0.34,0.16,32.17,NA,NA,NA,NA,0.326,51.563,NA,NA,-0.80,NA,NA,NA,NA,NA,NA,NA,NA,NA,NA
18,C33,S,L6,L6_16,172,144,166,154,161,152,144,141,131,125,149,103,88,99,97,105,104,94,86,74,76,92.6,26,32,21,28,34,46,34,28,28,31,30.8,205,195,207,215,236,209,235,222,251,255,223,88,89,89,94,100,91,111,98,123,144,102.7,17,22,17,16,8,9,10,12,19,30,16,0.58,0.36,0.12,31.37,0.87,0.40,0.06,25.13,0.353,65.740,0.469,86.611,-1.51,NA,NA,NA,NA,NA,NA,NA,0.29,0.04,-0.06
19,A13,P1,L6,L6_11,165,124,141,162,143,164,158,151,128,130,146.6,115,76,85,103,86,111,97,87,75,77,91.2,56,37,37,34,34,49,32,28,29,27,36.3,169,172,183,189,196,215,207,220,198,217,196.6,59,58,63,64,67,78,76,88,76,95,72.4,6,3,3,4,4,4,3,4,5,5,4.1,0.57,0.36,0.14,29.86,0.77,0.28,0.02,21.29,0.359,60.306,0.394,95.914,5.63,1.14,-0.669,-1.344,1.189,1.053,0.989,0.986,0.20,-0.07,-0.13
19,A13,P2,L3,L3_12,157,144,164,165,175,214,196,198,160,187,176,117,100,119,125,148,151,132,118,104,109,122.3,58,47,57,58,73,40,41,17,37,17,44.5,151,157,166,183,191,186,228,205,231,237,193.5,56,50,57,63,77,69,98,84,97,106,75.7,11,5,6,5,10,4,2,5,2,4,5.4,0.69,0.48,0.17,35.50,0.76,0.30,0.02,22.42,0.432,59.637,0.390,94.570,1.81,NA,NA,NA,NA,NA,NA,NA,0.07,-0.18,-0.15
19,A32,S,L2,L2_12,153,152,176,191,206,250,213,245,237,216,203.9,101,101,118,137,147,165,150,181,190,161,145.1,38,39,38,49,47,36,50,60,68,59,48.4,193,174,188,196,201,165,200,193,212,235,195.7,65,55,63,71,64,54,82,68,80,94,69.6,6,6,6,7,6,5,6,7,7,7,6.3,0.80,0.57,0.19,37.31,0.77,0.27,0.02,20.05,0.495,61.633,0.396,93.762,-6.83,NA,NA,NA,NA,NA,NA,NA,-0.03,-0.30,-0.17
20,B22,P1,L6,L6_14,138,130,141,146,143,159,161,157,151,160,148.6,87,70,82,81,86,94,90,87,81,91,84.9,29,19,23,14,25,19,14,15,16,17,19.1,240,210,229,212,213,209,208,201,192,187,210.1,85,68,73,66,66,77,75,64,61,59,69.4,11,12,10,11,11,15,16,11,14,14,12.5,0.58,0.33,0.07,30.49,0.82,0.27,0.05,17.28,0.329,77.221,0.436,88.769,6.12,4.44,-29.295,3.753,1.201,1.257,0.621,1.042,0.24,-0.06,-0.03
20,B22,P2,L3,L3_13,139,137,158,176,165,217,180,203,204,222,180.1,102,100,113,133,119,153,136,157,161,172,134.6,56,56,52,74,56,45,70,70,81,74,63.4,158,151,176,168,184,196,178,182,151,181,172.5,59,48,64,56,71,91,64,72,54,88,66.7,2,4,2,3,6,17,5,6,7,15,6.7,0.71,0.53,0.25,36.61,0.68,0.26,0.03,21.71,0.477,47.926,0.351,92.522,-2.82,NA,NA,NA,NA,NA,NA,NA,-0.03,-0.27,-0.22
20,B35,S,L2,L2_17,163,151,152,161,150,146,160,151,148,160,154.2,115,97,101,108,96,94,99,99,98,105,101.2,39,39,33,35,32,34,20,33,34,30,32.9,196,182,191,198,203,207,196,201,174,184,193.2,69,64,66,74,78,89,75,84,63,82,74.4,9,10,9,10,9,13,11,13,10,15,10.9,0.60,0.40,0.13,33.78,0.76,0.29,0.04,20.90,0.367,64.832,0.400,89.319,-1.04,NA,NA,NA,NA,NA,NA,NA,0.15,-0.11,-0.09
21,A12,P1,L3,L3_24,178,148,177,180,193,194,172,153,134,129,165.8,108,87,110,118,134,152,113,99,79,83,108.3,25,32,31,39,42,77,43,36,30,37,39.2,209,194,212,206,211,188,209,207,217,232,208.5,84,72,85,84,86,76,95,87,95,138,90.2,4,3,4,4,4,3,5,4,5,14,5,0.65,0.42,0.15,32.75,0.82,0.35,0.02,25.12,0.402,61.756,0.419,95.316,4.17,-2.58,-0.466,2.671,1.127,0.897,0.992,1.028,0.17,-0.07,-0.13
21,A12,P2,L6,L6_28,159,150,164,177,170,146,157,156,172,174,162.5,112,99,116,145,124,101,99,109,118,127,115,42,36,40,64,40,38,25,34,32,39,39,141,155,164,180,187,221,199,209,199,214,186.9,51,49,56,63,82,93,71,81,80,88,71.4,4,1,1,1,7,2,0,1,1,1,1.9,0.64,0.45,0.15,36.92,0.73,0.28,0.01,22.54,0.395,61.290,0.370,97.987,-2.33,NA,NA,NA,NA,NA,NA,NA,0.10,-0.17,-0.15
21,A11,S,L2,L2_21,137,147,156,166,178,185,170,190,157,182,166.8,94,94,107,115,133,133,121,132,103,119,115.1,42,38,45,52,57,47,47,44,38,37,44.7,125,140,145,160,168,218,189,206,174,203,172.8,52,57,56,66,76,108,85,102,77,98,77.7,5,2,3,1,2,2,2,2,2,1,2.2,0.65,0.45,0.18,34.59,0.68,0.30,0.01,26.55,0.415,57.730,0.343,97.486,0.30,NA,NA,NA,NA,NA,NA,NA,0.02,-0.15,-0.17
22,A34,P1,L3,L3_28,141,143,154,170,194,214,191,179,157,169,171.2,108,100,113,123,153,152,132,116,105,105,120.7,61,53,57,53,80,45,47,39,42,28,50.5,194,178,190,198,221,236,237,213,223,201,209.1,81,61,62,67,89,109,97,80,93,74,81.3,8,7,6,8,9,11,10,9,9,9,8.6,0.67,0.47,0.20,34.90,0.82,0.32,0.03,21.76,0.435,54.443,0.427,92.099,0.34,2.55,3.639,3.841,1.010,1.117,1.067,1.042,0.15,-0.15,-0.16
22,A34,P2,L6,L6_27,195,178,210,211,219,217,205,202,174,184,199.5,140,122,153,151,173,158,143,123,113,114,139,62,50,64,57,82,61,55,25,42,31,52.9,179,184,187,193,209,254,213,213,190,205,202.7,71,68,70,70,80,144,86,94,77,86,84.6,2,2,2,2,2,10,2,8,6,6,4.2,0.78,0.55,0.21,35.24,0.79,0.33,0.02,24.30,0.495,58.082,0.406,95.940,0.56,NA,NA,NA,NA,NA,NA,NA,0.01,-0.21,-0.19
22,A23,S,L2,L2_30,157,145,175,175,206,158,182,179,199,218,179.4,105,94,119,111,150,103,116,121,131,155,120.5,38,33,33,32,43,33,28,30,31,33,33.4,204,165,195,182,235,204,177,175,149,151,183.7,123,82,111,80,150,87,73,79,62,54,90.1,3,4,5,2,5,1,1,1,0,1,2.3,0.70,0.47,0.13,35.79,0.72,0.35,0.01,29.04,0.417,68.609,0.365,97.527,-2.59,NA,NA,NA,NA,NA,NA,NA,0.02,-0.12,-0.12
23,B12,P1,L3,L3_23,160,139,161,145,183,194,159,178,140,168,162.7,114,82,111,95,139,133,103,111,88,100,107.6,53,31,47,37,63,37,37,27,34,27,39.3,208,193,208,207,220,220,209,208,197,202,207.2,75,68,73,74,86,111,83,88,80,92,83,3,7,5,7,7,23,10,14,11,18,10.5,0.64,0.42,0.15,33.21,0.81,0.33,0.04,22.11,0.396,61.089,0.427,90.354,3.55,0.36,5.842,-0.440,1.107,1.016,1.096,0.995,0.17,-0.10,-0.11
23,B12,P2,L2,L2_26,198,178,203,197,216,206,188,174,166,167,189.3,133,113,138,136,162,161,130,116,106,110,130.5,29,31,28,35,54,65,36,32,29,36,37.5,158,150,169,188,203,217,199,204,180,196,186.4,49,45,51,66,80,108,81,103,77,100,76,4,6,3,5,6,16,11,18,13,17,9.9,0.74,0.51,0.15,36.76,0.73,0.30,0.04,22.47,0.445,66.931,0.385,89.913,-5.52,NA,NA,NA,NA,NA,NA,NA,-0.01,-0.21,-0.11
23,A22,S,L6,L6_26,184,151,180,181,207,222,197,194,163,162,184.1,125,89,114,113,144,165,132,122,102,98,120.4,53,40,47,45,64,80,56,43,43,41,51.2,203,195,208,210,222,235,226,225,215,205,214.4,83,74,79,83,99,135,107,102,93,92,94.7,1,1,1,1,3,22,3,2,3,6,4.3,0.72,0.47,0.20,31.24,0.84,0.37,0.02,25.82,0.461,56.481,0.429,96.068,0.48,NA,NA,NA,NA,NA,NA,NA,0.12,-0.10,-0.18
24,B34,P1,L2,L2_29,164,155,184,184,207,212,190,193,166,176,183.1,109,94,120,116,142,131,118,106,97,100,113.3,38,33,37,40,48,35,37,25,30,27,35,159,168,159,174,182,184,218,195,222,228,188.9,65,67,58,65,69,74,98,77,97,95,76.5,9,9,6,9,6,8,6,10,12,7,8.2,0.72,0.44,0.14,31.72,0.74,0.30,0.03,22.68,0.428,67.905,0.386,91.679,-0.27,0.63,-13.043,-6.598,0.992,1.028,0.808,0.928,0.02,-0.14,-0.11
24,B34,P2,L3,L3_22,109,122,127,153,168,191,165,168,146,164,151.3,79,80,87,101,127,129,106,105,89,100,100.3,50,40,49,42,68,53,36,36,35,32,44.1,223,198,220,209,196,196,187,188,171,197,198.5,84,75,80,86,85,118,82,84,69,106,86.9,10,12,10,14,13,32,15,17,13,24,16,0.59,0.39,0.17,31.46,0.78,0.34,0.06,23.31,0.383,54.862,0.421,85.082,2.47,NA,NA,NA,NA,NA,NA,NA,0.19,-0.05,-0.11
24,B21,S,L6,L6_21,169,180,198,190,212,220,202,201,179,179,193,118,118,136,119,150,138,124,110,105,104,122.2,45,36,39,30,42,26,23,14,24,22,30.1,114,128,126,141,158,215,196,222,176,230,170.6,45,45,43,49,62,85,79,92,70,93,66.3,13,10,10,7,10,7,7,5,7,5,8.1,0.76,0.48,0.12,33.92,0.67,0.26,0.03,21.49,0.437,73.017,0.350,90.935,-2.49,NA,NA,NA,NA,NA,NA,NA,-0.09,-0.22,-0.09
25,B15,P1,L6,L6_22,200,177,204,190,221,196,195,199,168,158,190.8,117,99,120,103,138,128,121,122,96,94,113.8,23,24,23,21,30,38,37,36,27,32,29.1,201,203,222,224,228,206,202,229,211,218,214.4,82,75,84,85,110,72,70,81,73,78,81,17,12,12,11,18,9,10,9,9,9,11.6,0.75,0.45,0.11,31.43,0.84,0.32,0.05,20.53,0.431,73.533,0.443,89.735,1.53,-0.54,-10.862,-0.540,1.049,0.974,0.852,0.994,0.09,-0.13,-0.07
25,B15,P2,L2,L2_24,186,147,177,188,190,163,150,136,129,190,165.6,112,86,116,130,145,107,98,81,83,123,108.1,24,31,38,39,68,39,38,34,38,31,38,210,195,216,210,232,181,214,204,214,225,210.1,88,71,89,75,97,58,77,69,75,81,78,18,11,18,10,15,9,9,10,9,11,12,0.65,0.42,0.15,32.96,0.82,0.31,0.05,19.99,0.399,62.672,0.435,89.194,-1.56,NA,NA,NA,NA,NA,NA,NA,0.17,-0.12,-0.10
25,B14,S,L3,L3_21,143,124,127,151,133,162,163,155,158,143,145.9,90,77,79,97,87,105,103,94,92,83,90.7,28,27,24,34,30,38,34,32,26,28,30.1,204,201,222,210,221,245,209,222,214,225,217.3,84,73,87,74,83,103,77,80,76,86,82.3,13,9,9,8,7,5,5,5,6,7,7.4,0.57,0.36,0.12,31.40,0.85,0.32,0.03,21.41,0.345,65.795,0.441,93.413,-0.23,NA,NA,NA,NA,NA,NA,NA,0.28,-0.03,-0.09
26,C21,P1,L6,L6_23,177,168,211,208,212,210,183,183,160,173,188.5,111,98,141,137,154,134,104,101,92,99,117.1,40,32,47,48,73,39,32,23,33,32,39.9,147,162,165,178,184,227,211,228,184,220,190.6,44,50,48,54,65,87,77,89,62,88,66.4,10,6,6,5,9,6,4,4,5,3,5.8,0.74,0.46,0.16,31.17,0.75,0.26,0.02,19.68,0.448,65.061,0.385,94.094,-0.37,0.18,-3.065,-5.146,0.988,1.009,0.953,0.945,0.01,-0.20,-0.13
26,C21,P2,L2,L2_22,143,123,162,165,191,194,144,136,112,139,150.9,98,72,109,105,138,121,81,78,65,80,94.7,43,33,43,36,56,33,27,26,32,25,35.4,157,148,155,159,193,165,216,190,188,207,177.8,54,48,46,52,77,60,91,76,68,86,65.8,12,13,9,8,11,12,10,12,8,9,10.4,0.59,0.37,0.14,30.81,0.70,0.26,0.04,19.86,0.365,61.997,0.369,88.948,4.94,NA,NA,NA,NA,NA,NA,NA,0.11,-0.11,-0.10
26,C12,S,L3,L3_27,114,129,137,162,184,194,164,165,146,162,155.7,89,93,104,126,162,144,121,113,99,105,115.6,50,52,53,67,106,63,53,42,43,36,56.5,145,162,164,179,187,193,221,207,215,216,188.9,48,51,63,61,73,68,79,77,80,74,67.4,2,2,4,4,4,2,3,3,3,3,3,0.61,0.45,0.22,35.75,0.74,0.26,0.01,20.79,0.416,46.748,0.376,96.873,-6.17,NA,NA,NA,NA,NA,NA,NA,0.13,-0.19,-0.21
27,C25,P1,L6,L6_25,177,161,163,170,184,177,161,158,146,152,164.9,113,92,92,102,117,110,95,86,78,80,96.5,39,31,30,34,41,33,29,19,25,19,30,170,185,193,198,200,208,218,209,233,237,205.1,62,62,68,69,80,81,82,72,98,106,78,6,5,7,7,11,12,9,8,14,12,9.1,0.65,0.38,0.12,29.58,0.80,0.31,0.04,21.09,0.382,69.215,0.420,91.503,9.23,4.69,-14.115,-4.538,1.312,1.222,0.796,0.950,0.16,-0.07,-0.08
27,C25,P2,L3,L3_29,201,179,192,202,217,196,188,165,161,192,189.3,136,132,141,163,174,153,134,118,121,146,141.8,22,55,48,63,76,70,56,51,59,48,54.8,166,159,176,185,212,159,199,193,212,218,187.9,58,50,64,74,109,64,107,87,119,150,88.2,1,1,2,5,16,5,14,9,23,55,13.1,0.74,0.56,0.21,38.81,0.74,0.35,0.05,25.78,0.479,55.100,0.394,86.965,-5.09,NA,NA,NA,NA,NA,NA,NA,-0.01,-0.21,-0.16
27,C14,S,L2,L2_25,161,153,167,161,178,200,175,180,158,178,171.1,115,104,120,106,141,149,120,107,104,111,117.7,51,46,50,49,69,65,47,33,47,35,49.2,131,140,142,155,168,161,188,181,190,205,166.1,44,46,49,50,63,56,87,70,73,86,62.4,1,2,2,1,2,2,3,3,2,3,2.1,0.67,0.46,0.19,33.72,0.65,0.24,0.01,22.06,0.432,55.334,0.330,97.503,-2.12,NA,NA,NA,NA,NA,NA,NA,-0.02,-0.22,-0.18
28,C13,P1,L6,L6_30,123,129,143,145,167,187,165,141,129,123,145.2,76,77,90,87,112,120,97,82,73,67,88.1,27,25,24,26,32,20,21,26,22,23,24.6,180,152,167,170,182,188,180,194,151,158,172.2,75,52,54,55,58,66,65,75,49,50,59.9,6,3,3,2,1,2,3,1,3,2,2.6,0.57,0.35,0.10,31.59,0.68,0.23,0.01,20.27,0.333,71.025,0.343,97.025,2.61,3.02,-18.536,-6.202,1.082,1.149,0.739,0.936,0.11,-0.11,-0.09
28,C13,P2,L3,L3_26,157,129,162,147,183,171,167,147,132,152,154.7,117,90,117,105,140,121,110,99,91,99,108.9,58,46,56,50,65,48,40,43,39,37,48.2,145,167,180,191,206,188,204,200,209,223,191.3,53,59,74,75,95,80,94,87,88,94,79.9,7,8,9,10,15,8,8,8,9,10,9.2,0.61,0.43,0.19,34.20,0.75,0.31,0.04,23.29,0.398,52.489,0.393,90.823,2.21,NA,NA,NA,NA,NA,NA,NA,0.14,-0.11,-0.15
28,D11,S,L2,L2_23,184,173,189,188,196,204,176,171,153,160,179.4,138,121,138,142,155,148,122,102,100,94,126,61,49,56,57,68,44,37,17,28,19,43.6,164,159,168,169,177,179,189,179,204,176,176.4,51,46,44,52,53,55,72,67,87,66,59.3,1,2,1,1,2,2,1,2,2,4,1.8,0.70,0.49,0.17,36.41,0.69,0.23,0.01,19.76,0.437,60.897,0.349,97.980,-6.35,NA,NA,NA,NA,NA,NA,NA,-0.01,-0.26,-0.16
29,D35,P1,L6,L6_29,189,164,187,188,203,215,197,211,170,177,190.1,110,88,110,106,130,135,116,117,93,101,110.6,29,26,30,28,42,35,35,28,29,26,30.8,164,143,151,141,157,169,150,169,152,156,155.2,60,48,50,43,48,52,45,59,48,56,50.9,4,4,4,3,3,4,3,4,3,4,3.6,0.75,0.43,0.12,30.06,0.61,0.20,0.01,18.72,0.433,72.114,0.311,95.466,4.65,3.43,-3.240,3.347,1.155,1.183,0.955,1.035,-0.14,-0.23,-0.11
29,D35,P2,L2,L2_27,151,137,156,143,168,168,145,150,131,143,149.2,100,85,103,94,125,120,90,93,85,84,97.9,33,25,25,28,41,34,24,20,26,19,27.5,112,121,125,147,166,191,164,171,140,170,150.7,35,36,40,49,64,82,66,76,37,77,56.2,1,1,1,1,0,1,1,1,1,1,0.9,0.59,0.38,0.11,34.71,0.59,0.22,0.00,22.15,0.346,68.874,0.297,98.813,3.06,NA,NA,NA,NA,NA,NA,NA,0.01,-0.16,-0.10
29,D25,S,L3,L3_30,172,152,165,165,180,179,172,157,167,147,165.6,139,116,128,125,147,138,119,112,109,104,123.7,71,52,58,55,75,55,40,46,31,42,52.5,129,126,131,127,133,158,145,152,150,165,141.6,51,44,49,45,38,62,49,59,58,68,52.3,0,1,1,1,0,1,1,1,2,2,1,0.65,0.49,0.21,37.77,0.56,0.21,0.00,21.89,0.428,51.857,0.280,98.597,-8.87,NA,NA,NA,NA,NA,NA,NA,-0.09,-0.28,-0.20
30,D34,P1,L6,L6_24,166,157,190,171,196,204,175,172,150,167,174.8,97,84,109,95,118,118,94,93,76,88,97.2,30,24,30,24,28,26,23,22,23,21,25.1,208,184,212,204,226,240,207,222,188,192,208.3,87,69,85,78,93,132,85,96,71,78,87.4,2,4,2,3,3,28,4,4,7,6,6.3,0.69,0.38,0.10,28.90,0.82,0.34,0.02,24.09,0.392,74.887,0.421,94.129,5.16,-4.77,-16.841,4.180,1.179,0.802,0.775,1.044,0.13,-0.04,-0.07
30,D34,P2,L2,L2_28,171,171,172,173,196,210,194,200,176,198,186.1,119,113,116,118,144,153,135,131,114,127,127,48,45,45,48,62,59,53,44,47,43,49.4,156,141,154,151,164,178,185,172,179,161,164.1,55,39,44,44,48,64,63,59,69,53,53.8,1,2,1,1,1,1,2,1,2,2,1.4,0.73,0.50,0.19,34.06,0.64,0.21,0.01,19.32,0.462,58.047,0.325,98.308,1.03,NA,NA,NA,NA,NA,NA,NA,-0.09,-0.29,-0.19
30,D32,S,L3,L3_25,162,144,175,157,190,182,161,163,127,133,159.4,113,95,123,108,148,126,105,101,80,83,108.2,40,32,43,40,60,38,31,27,26,24,36.1,187,162,180,178,187,192,183,182,163,168,178.2,76,46,65,58,59,74,66,82,53,75,65.4,1,2,2,2,0,3,1,2,1,2,1.6,0.63,0.42,0.14,35.09,0.70,0.26,0.01,21.68,0.383,63.069,0.353,98.220,-35.09,NA,NA,NA,NA,NA,NA,NA,0.07,-0.17,-0.14
